5.8271299020;2017-03-13;6557771;SE0000170375.XSTO;24071;0.00000;0.00000;127.95630;341214;127.29280;128.24070;127.86150;127.95630;1.05500;SEK;"All";2017-03-10;2017-03-13
5.8314470940;2017-03-14;6557772;SE0000170375.XSTO;24071;0.07400;0.09480;127.95630;315733;126.91370;128.14590;127.95630;128.05110;1.05500;SEK;"All";2017-03-13;2017-03-14
5.7882842820;2017-03-15;6557773;SE0000170375.XSTO;24071;-0.74000;-0.94780;128.05110;171189;127.00850;128.43020;128.43020;127.10330;1.05500;SEK;"All";2017-03-14;2017-03-15
5.8400814780;2017-03-16;6557774;SE0000170375.XSTO;24071;0.89500;1.13740;127.10330;517144;127.00850;128.24070;127.76680;128.24070;1.05500;SEK;"All";2017-03-15;2017-03-16
5.8789270980;2017-03-17;6557775;SE0000170375.XSTO;24071;0.66500;0.85300;128.24070;270529;127.76680;129.47280;128.43020;129.09370;1.05500;SEK;"All";2017-03-16;2017-03-17
5.8789270980;2017-03-20;6557776;SE0000170375.XSTO;24071;0.00000;0.00000;129.09370;239423;128.80940;129.66240;129.28330;129.09370;1.05500;SEK;"All";2017-03-17;2017-03-20
5.8314470940;2017-03-21;6557777;SE0000170375.XSTO;24071;-0.80800;-1.04260;129.09370;186248;127.67200;129.37810;129.37810;128.05110;1.05500;SEK;"All";2017-03-20;2017-03-21
5.7494341080;2017-03-22;6557778;SE0000170375.XSTO;24071;-1.40600;-1.80090;128.05110;214846;125.87110;128.43020;128.24070;126.25020;1.05500;SEK;"All";2017-03-21;2017-03-22
5.8012313040;2017-03-23;6557779;SE0000170375.XSTO;24071;0.90100;1.13740;126.25020;205226;126.53460;127.95630;126.53460;127.38760;1.05500;SEK;"All";2017-03-22;2017-03-23
5.8012313040;2017-03-24;6557780;SE0000170375.XSTO;24071;0.00000;0.00000;127.38760;247188;126.51310;127.67910;127.67910;127.38760;1.02910;SEK;"All";2017-03-23;2017-03-24
5.7658330620;2017-03-27;6557781;SE0000170375.XSTO;24071;-0.61000;-0.77730;127.38760;224646;126.12440;127.38760;127.38760;126.61030;1.02910;SEK;"All";2017-03-24;2017-03-27
5.7835299060;2017-03-28;6557782;SE0000170375.XSTO;24071;0.30700;0.38860;126.61030;214906;126.12440;127.38760;126.70740;126.99890;1.02910;SEK;"All";2017-03-27;2017-03-28
5.8631839200;2017-03-29;6557783;SE0000170375.XSTO;24071;1.37700;1.74910;126.99890;184575;126.70740;128.84510;127.29050;128.74800;1.02910;SEK;"All";2017-03-28;2017-03-29
5.7835299060;2017-03-30;6557784;SE0000170375.XSTO;24071;-1.35900;-1.74910;128.74800;179073;126.22160;129.33100;129.33100;126.99890;1.02910;SEK;"All";2017-03-29;2017-03-30
5.8764588300;2017-03-31;6557785;SE0000170375.XSTO;24071;1.60700;2.04060;126.99890;280073;126.31880;129.03950;126.90180;129.03950;1.02910;SEK;"All";2017-03-30;2017-03-31
5.7215818440;2017-04-03;6557786;SE0000170375.XSTO;24071;-2.63600;-3.40090;129.03950;390372;124.95840;128.35930;128.06780;125.63860;1.02910;SEK;"All";2017-03-31;2017-04-03
5.7304302660;2017-04-04;6557787;SE0000170375.XSTO;24071;0.15500;0.19430;125.63860;369020;125.05560;126.41590;125.05560;125.83290;1.02910;SEK;"All";2017-04-03;2017-04-04
5.9384068920;2017-04-05;6557788;SE0000170375.XSTO;24071;3.62900;4.56690;125.83290;554542;126.80460;131.08000;127.29050;130.39980;1.02910;SEK;"All";2017-04-04;2017-04-05
5.9738096880;2017-04-06;6557789;SE0000170375.XSTO;24071;0.59600;0.77740;130.39980;329677;129.91400;131.46870;130.30270;131.17720;1.02910;SEK;"All";2017-04-05;2017-04-06
6.0224828400;2017-04-07;6557790;SE0000170375.XSTO;24071;0.81500;1.06880;131.17720;264376;130.10830;132.24600;130.98280;132.24600;1.02910;SEK;"All";2017-04-06;2017-04-07
6.0180609060;2017-04-10;6557791;SE0000170375.XSTO;24071;-0.07300;-0.09710;132.24600;175582;131.46870;132.34320;131.46870;132.14890;1.02910;SEK;"All";2017-04-07;2017-04-10
6.0446107260;2017-04-11;6557792;SE0000170375.XSTO;24071;0.44100;0.58300;132.14890;188143;131.76020;133.02340;132.14890;132.73190;1.02910;SEK;"All";2017-04-10;2017-04-11
6.1021368540;2017-04-12;6557793;SE0000170375.XSTO;24071;0.95200;1.26320;132.73190;212373;132.44040;133.99510;132.53750;133.99510;1.02910;SEK;"All";2017-04-11;2017-04-12
6.0800089680;2017-04-13;6557794;SE0000170375.XSTO;24071;-0.36300;-0.48590;133.99510;41391;132.82900;133.99510;133.99510;133.50920;1.02910;SEK;"All";2017-04-12;2017-04-13
6.1640849160;2017-04-18;6557795;SE0000170375.XSTO;24071;1.38300;1.84620;133.50920;297862;133.31490;135.45260;133.70360;135.35540;1.02910;SEK;"All";2017-04-13;2017-04-18
6.1640849160;2017-04-19;6557796;SE0000170375.XSTO;24071;0.00000;0.00000;135.35540;177917;133.99510;135.74410;135.16110;135.35540;1.02910;SEK;"All";2017-04-18;2017-04-19
6.1685114040;2017-04-20;6557797;SE0000170375.XSTO;24071;0.07200;0.09720;135.35540;290984;134.86960;135.64690;135.64690;135.45260;1.02910;SEK;"All";2017-04-19;2017-04-20
6.1640849160;2017-04-21;6557798;SE0000170375.XSTO;24071;-0.07200;-0.09720;135.45260;309850;134.96670;135.74410;135.06390;135.35540;1.02910;SEK;"All";2017-04-20;2017-04-21
6.1817863140;2017-04-24;6557799;SE0000170375.XSTO;24071;0.28700;0.38870;135.35540;325312;135.35540;136.81290;135.64690;135.74410;1.02910;SEK;"All";2017-04-21;2017-04-24
6.2348859540;2017-04-25;6557800;SE0000170375.XSTO;24071;0.85900;1.16600;135.74410;339810;135.54980;137.88180;135.84130;136.91010;1.02910;SEK;"All";2017-04-24;2017-04-25
6.2304594660;2017-04-26;6557801;SE0000170375.XSTO;24071;-0.07100;-0.09720;136.91010;211823;136.22990;137.00730;136.22990;136.81290;1.02910;SEK;"All";2017-04-25;2017-04-26
6.2304594660;2017-04-27;6557802;SE0000170375.XSTO;24071;0.00000;0.00000;136.81290;184906;135.74410;137.29880;136.81290;136.81290;1.02910;SEK;"All";2017-04-26;2017-04-27
6.1419615840;2017-04-28;6557803;SE0000170375.XSTO;24071;-1.42000;-1.94330;136.81290;260660;134.57810;137.20160;137.00730;134.86960;1.02910;SEK;"All";2017-04-27;2017-04-28
6.2570138400;2017-05-02;6557804;SE0000170375.XSTO;24071;1.87300;2.52640;134.86960;194408;135.06390;137.39600;135.06390;137.39600;1.02910;SEK;"All";2017-04-28;2017-05-02
6.2393124420;2017-05-03;6557805;SE0000170375.XSTO;24071;-0.28300;-0.38870;137.39600;199144;136.52140;137.68750;136.91010;137.00730;1.02910;SEK;"All";2017-05-02;2017-05-03
6.2348859540;2017-05-04;6557806;SE0000170375.XSTO;24071;-0.07100;-0.09720;137.00730;110802;136.22990;137.49310;137.00730;136.91010;1.02910;SEK;"All";2017-05-03;2017-05-04
6.2968385700;2017-05-05;6557807;SE0000170375.XSTO;24071;0.99400;1.36040;136.91010;169272;136.71580;138.46480;137.00730;138.27050;1.02910;SEK;"All";2017-05-04;2017-05-05
6.3012605040;2017-05-08;6557808;SE0000170375.XSTO;24071;0.07000;0.09710;138.27050;228881;138.17330;139.82520;138.46480;138.36760;1.02910;SEK;"All";2017-05-05;2017-05-08
6.3322368120;2017-05-09;6557809;SE0000170375.XSTO;24071;0.49200;0.68020;138.36760;248358;137.78460;139.04780;138.27050;139.04780;1.02910;SEK;"All";2017-05-08;2017-05-09
6.3632131200;2017-05-10;6557810;SE0000170375.XSTO;24071;0.48900;0.68020;139.04780;291396;138.65910;139.72800;139.43650;139.72800;1.02910;SEK;"All";2017-05-09;2017-05-10
6.4207392480;2017-05-11;6557811;SE0000170375.XSTO;24071;0.90400;1.26320;139.72800;303288;139.43650;141.37990;139.92230;140.99120;1.02910;SEK;"All";2017-05-10;2017-05-11
6.4340141580;2017-05-12;6557812;SE0000170375.XSTO;24071;0.20700;0.29150;140.99120;256018;140.11670;141.76850;141.08830;141.28270;1.02910;SEK;"All";2017-05-11;2017-05-12
6.4251611820;2017-05-15;6557813;SE0000170375.XSTO;24071;-0.13800;-0.19440;141.28270;175350;140.40820;141.57420;141.28270;141.08830;1.02910;SEK;"All";2017-05-12;2017-05-15
6.4207392480;2017-05-16;6557814;SE0000170375.XSTO;24071;-0.06900;-0.09710;141.08830;233958;140.60250;141.18550;141.08830;140.99120;1.02910;SEK;"All";2017-05-15;2017-05-16
6.4384406460;2017-05-17;6557815;SE0000170375.XSTO;24071;0.27600;0.38870;140.99120;420945;140.31100;141.37990;140.89400;141.37990;1.02910;SEK;"All";2017-05-16;2017-05-17
6.3366633000;2017-05-18;6557816;SE0000170375.XSTO;24071;-1.58100;-2.23490;141.37990;241432;138.17330;140.89400;140.50530;139.14500;1.02910;SEK;"All";2017-05-17;2017-05-18
6.3720615420;2017-05-19;6557817;SE0000170375.XSTO;24071;0.55900;0.77730;139.14500;234464;139.24220;140.21380;139.72800;139.92230;1.02910;SEK;"All";2017-05-18;2017-05-19
6.4517155560;2017-05-22;6557818;SE0000170375.XSTO;24071;1.25000;1.74910;139.92230;465144;139.72800;141.86570;139.72800;141.67140;1.02910;SEK;"All";2017-05-19;2017-05-22
6.3986113620;2017-05-23;6557819;SE0000170375.XSTO;24071;-0.82300;-1.16610;141.67140;296752;139.43650;141.67140;141.67140;140.50530;1.02910;SEK;"All";2017-05-22;2017-05-23
6.4472890680;2017-05-24;6557820;SE0000170375.XSTO;24071;0.76100;1.06890;140.50530;102136;140.60250;141.67140;140.60250;141.57420;1.02910;SEK;"All";2017-05-23;2017-05-24
6.4561374900;2017-05-26;6557821;SE0000170375.XSTO;24071;0.13700;0.19430;141.57420;140376;141.57420;142.74020;141.86570;141.76850;1.02910;SEK;"All";2017-05-24;2017-05-26
6.4826873100;2017-05-29;6557822;SE0000170375.XSTO;24071;0.41100;0.58300;141.76850;223777;140.89400;142.44870;141.86570;142.35150;1.02910;SEK;"All";2017-05-26;2017-05-29
6.5623413240;2017-05-30;6557823;SE0000170375.XSTO;24071;1.22900;1.74910;142.35150;250924;141.67140;144.10060;142.64300;144.10060;1.02910;SEK;"All";2017-05-29;2017-05-30
6.5357915040;2017-05-31;6557824;SE0000170375.XSTO;24071;-0.40500;-0.58300;144.10060;290628;143.32320;144.78070;144.39210;143.51760;1.02910;SEK;"All";2017-05-30;2017-05-31
6.5667632580;2017-06-01;6557825;SE0000170375.XSTO;24071;0.47400;0.68010;143.51760;154605;143.12890;145.16940;143.12890;144.19770;1.02910;SEK;"All";2017-05-31;2017-06-01
6.6331423620;2017-06-02;6557826;SE0000170375.XSTO;24071;1.01100;1.45760;144.19770;115532;144.48920;145.65530;145.26660;145.65530;1.02910;SEK;"All";2017-06-01;2017-06-02
6.6419907840;2017-06-05;6557827;SE0000170375.XSTO;24071;0.13300;0.19430;145.65530;158312;145.16940;146.72410;145.75240;145.84960;1.02910;SEK;"All";2017-06-02;2017-06-05
6.6596921820;2017-06-07;6557828;SE0000170375.XSTO;24071;0.26700;0.38870;145.84960;342000;145.55810;146.72410;146.23830;146.23830;1.02910;SEK;"All";2017-06-05;2017-06-07
6.5623413240;2017-06-08;6557829;SE0000170375.XSTO;24071;-1.46200;-2.13770;146.23830;183944;144.10060;146.62690;145.75240;144.10060;1.02910;SEK;"All";2017-06-07;2017-06-08
6.5800381680;2017-06-09;6557830;SE0000170375.XSTO;24071;0.27000;0.38860;144.10060;174318;142.44870;144.58640;144.29490;144.48920;1.02910;SEK;"All";2017-06-08;2017-06-09
6.5136636180;2017-06-12;6557831;SE0000170375.XSTO;24071;-1.00900;-1.45750;144.48920;97719;142.74020;144.10060;143.61470;143.03170;1.02910;SEK;"All";2017-06-09;2017-06-12
6.5136636180;2017-06-13;6557832;SE0000170375.XSTO;24071;0.00000;0.00000;143.03170;175819;142.93450;143.71190;143.32320;143.03170;1.02910;SEK;"All";2017-06-12;2017-06-13
6.5092371300;2017-06-14;6557833;SE0000170375.XSTO;24071;-0.06800;-0.09720;143.03170;235970;142.74020;143.42040;143.03170;142.93450;1.02910;SEK;"All";2017-06-13;2017-06-14
6.4782653760;2017-06-15;6557834;SE0000170375.XSTO;24071;-0.47600;-0.68010;142.93450;213779;141.96290;143.42040;142.93450;142.25440;1.02910;SEK;"All";2017-06-14;2017-06-15
6.5048151960;2017-06-16;6557835;SE0000170375.XSTO;24071;0.41000;0.58300;142.25440;336511;141.37990;143.03170;141.86570;142.83740;1.02910;SEK;"All";2017-06-15;2017-06-16
6.5003887080;2017-06-19;6557836;SE0000170375.XSTO;24071;-0.06800;-0.09720;142.83740;114055;141.67140;143.42040;143.42040;142.74020;1.02910;SEK;"All";2017-06-16;2017-06-19
6.4605639780;2017-06-20;6557837;SE0000170375.XSTO;24071;-0.61300;-0.87450;142.74020;253146;141.28270;142.44870;141.96290;141.86570;1.02910;SEK;"All";2017-06-19;2017-06-20
6.4074643380;2017-06-21;6557838;SE0000170375.XSTO;24071;-0.82200;-1.16600;141.86570;306246;140.50530;141.86570;141.76850;140.69970;1.02910;SEK;"All";2017-06-20;2017-06-21
6.3632131200;2017-06-22;6557839;SE0000170375.XSTO;24071;-0.69100;-0.97170;140.69970;141604;139.72800;141.08830;140.89400;139.72800;1.02910;SEK;"All";2017-06-21;2017-06-22
6.3189619020;2017-06-26;6557840;SE0000170375.XSTO;24071;-0.69500;-0.97170;139.72800;211733;138.75630;140.21380;139.63080;138.75630;1.02910;SEK;"All";2017-06-22;2017-06-26
6.2127626220;2017-06-27;6557841;SE0000170375.XSTO;24071;-1.68100;-2.33200;138.75630;236963;136.42430;139.14500;138.95060;136.42430;1.02910;SEK;"All";2017-06-26;2017-06-27
6.1950612240;2017-06-28;6557842;SE0000170375.XSTO;24071;-0.28500;-0.38870;136.42430;275324;135.45260;137.59030;136.42430;136.03560;1.02910;SEK;"All";2017-06-27;2017-06-28
6.2171845560;2017-06-29;6557843;SE0000170375.XSTO;24071;0.35700;0.48580;136.03560;397502;135.93840;137.00730;136.71580;136.52140;1.02910;SEK;"All";2017-06-28;2017-06-29
6.1817863140;2017-06-30;6557844;SE0000170375.XSTO;24071;-0.56900;-0.77730;136.52140;319244;135.25830;136.71580;136.52140;135.74410;1.02910;SEK;"All";2017-06-29;2017-06-30
6.1640849160;2017-07-03;6557845;SE0000170375.XSTO;24071;-0.28600;-0.38870;135.74410;112493;135.06390;136.32710;135.84130;135.35540;1.02910;SEK;"All";2017-06-30;2017-07-03
6.2039096460;2017-07-04;6557846;SE0000170375.XSTO;24071;0.64600;0.87450;135.35540;133721;134.67520;136.22990;135.06390;136.22990;1.02910;SEK;"All";2017-07-03;2017-07-04
6.1862128020;2017-07-05;6557847;SE0000170375.XSTO;24071;-0.28500;-0.38860;136.22990;263629;134.77240;136.22990;136.22990;135.84130;1.02910;SEK;"All";2017-07-04;2017-07-05
6.1508100060;2017-07-06;6557848;SE0000170375.XSTO;24071;-0.57200;-0.77740;135.84130;151895;134.67520;136.61860;136.13280;135.06390;1.02910;SEK;"All";2017-07-05;2017-07-06
6.1109852760;2017-07-07;6557849;SE0000170375.XSTO;24071;-0.64700;-0.87450;135.06390;237519;133.41210;135.06390;134.96670;134.18940;1.02910;SEK;"All";2017-07-06;2017-07-07
6.2039096460;2017-07-10;6557850;SE0000170375.XSTO;24071;1.52100;2.04050;134.18940;162458;134.09220;136.22990;134.09220;136.22990;1.02910;SEK;"All";2017-07-07;2017-07-10
6.1109852760;2017-07-11;6557851;SE0000170375.XSTO;24071;-1.49800;-2.04050;136.22990;136458;133.80070;136.03560;136.03560;134.18940;1.02910;SEK;"All";2017-07-10;2017-07-11
6.1906347360;2017-07-12;6557852;SE0000170375.XSTO;24071;1.30300;1.74900;134.18940;182714;134.28660;136.13280;134.38370;135.93840;1.02910;SEK;"All";2017-07-11;2017-07-12
6.1817863140;2017-07-13;6557853;SE0000170375.XSTO;24071;-0.14300;-0.19430;135.93840;439872;135.16110;136.03560;136.03560;135.74410;1.02910;SEK;"All";2017-07-12;2017-07-13
6.1773598260;2017-07-14;6557854;SE0000170375.XSTO;24071;-0.07200;-0.09720;135.74410;361093;134.86960;135.93840;135.84130;135.64690;1.02910;SEK;"All";2017-07-13;2017-07-14
6.1729378920;2017-07-17;6557855;SE0000170375.XSTO;24071;-0.07200;-0.09710;135.64690;91853;135.06390;136.13280;136.03560;135.54980;1.02910;SEK;"All";2017-07-14;2017-07-17
6.2127626220;2017-07-18;6557856;SE0000170375.XSTO;24071;0.64500;0.87450;135.54980;322960;135.35540;136.42430;135.84130;136.42430;1.02910;SEK;"All";2017-07-17;2017-07-18
6.2437343760;2017-07-19;6557857;SE0000170375.XSTO;24071;0.49900;0.68010;136.42430;175089;136.13280;137.59030;136.52140;137.10440;1.02910;SEK;"All";2017-07-18;2017-07-19
6.3101134800;2017-07-20;6557858;SE0000170375.XSTO;24071;1.06300;1.45760;137.10440;178250;137.39600;139.04780;137.39600;138.56200;1.02910;SEK;"All";2017-07-19;2017-07-20
6.2702887500;2017-07-21;6557859;SE0000170375.XSTO;24071;-0.63100;-0.87450;138.56200;247732;137.39600;138.95060;138.95060;137.68750;1.02910;SEK;"All";2017-07-20;2017-07-21
6.3189619020;2017-07-24;6557860;SE0000170375.XSTO;24071;0.77600;1.06880;137.68750;266872;137.59030;139.53370;137.59030;138.75630;1.02910;SEK;"All";2017-07-21;2017-07-24
6.3145354140;2017-07-25;6557861;SE0000170375.XSTO;24071;-0.07000;-0.09720;138.75630;176498;138.27050;139.33930;138.75630;138.65910;1.02910;SEK;"All";2017-07-24;2017-07-25
6.3189619020;2017-07-26;6557862;SE0000170375.XSTO;24071;0.07000;0.09720;138.65910;227467;138.07610;138.95060;138.17330;138.75630;1.02910;SEK;"All";2017-07-25;2017-07-26
6.3322368120;2017-07-27;6557863;SE0000170375.XSTO;24071;0.21000;0.29150;138.75630;363735;138.17330;140.01950;138.46480;139.04780;1.02910;SEK;"All";2017-07-26;2017-07-27
6.2525873520;2017-07-28;6557864;SE0000170375.XSTO;24071;-1.25800;-1.74900;139.04780;182849;136.81290;138.95060;138.65910;137.29880;1.02910;SEK;"All";2017-07-27;2017-07-28
6.2216110440;2017-07-31;6557865;SE0000170375.XSTO;24071;-0.49500;-0.68020;137.29880;212976;136.61860;137.97900;137.29880;136.61860;1.02910;SEK;"All";2017-07-28;2017-07-31
6.3632131200;2017-08-01;6557866;SE0000170375.XSTO;24071;2.27600;3.10940;136.61860;179670;136.71580;139.92230;137.00730;139.72800;1.02910;SEK;"All";2017-07-31;2017-08-01
6.3676396080;2017-08-02;6557867;SE0000170375.XSTO;24071;0.07000;0.09720;139.72800;150580;138.85350;140.40820;139.24220;139.82520;1.02910;SEK;"All";2017-08-01;2017-08-02
6.3764880300;2017-08-03;6557868;SE0000170375.XSTO;24071;0.13900;0.19430;139.82520;108120;139.43650;140.60250;139.72800;140.01950;1.02910;SEK;"All";2017-08-02;2017-08-03
6.3499382100;2017-08-04;6557869;SE0000170375.XSTO;24071;-0.41600;-0.58300;140.01950;149858;138.65910;139.92230;139.43650;139.43650;1.02910;SEK;"All";2017-08-03;2017-08-04
6.3499382100;2017-08-07;6557870;SE0000170375.XSTO;24071;0.00000;0.00000;139.43650;109950;138.27050;139.53370;139.43650;139.43650;1.02910;SEK;"All";2017-08-04;2017-08-07
6.3543646980;2017-08-08;6557871;SE0000170375.XSTO;24071;0.07000;0.09720;139.43650;110986;138.75630;139.53370;139.43650;139.53370;1.02910;SEK;"All";2017-08-07;2017-08-08
6.2835636600;2017-08-09;6557872;SE0000170375.XSTO;24071;-1.11400;-1.55470;139.53370;151107;137.49310;139.43650;139.04780;137.97900;1.02910;SEK;"All";2017-08-08;2017-08-09
6.2260375320;2017-08-10;6557873;SE0000170375.XSTO;24071;-0.91600;-1.26320;137.97900;105052;136.42430;138.27050;137.97900;136.71580;1.02910;SEK;"All";2017-08-09;2017-08-10
6.1198336980;2017-08-11;6557874;SE0000170375.XSTO;24071;-1.70600;-2.33210;136.71580;167586;134.28660;136.42430;136.32710;134.38370;1.02910;SEK;"All";2017-08-10;2017-08-11
6.1950612240;2017-08-14;6557875;SE0000170375.XSTO;24071;1.22900;1.65190;134.38370;156961;134.18940;136.42430;134.38370;136.03560;1.02910;SEK;"All";2017-08-11;2017-08-14
6.1463835180;2017-08-15;6557876;SE0000170375.XSTO;24071;-0.78600;-1.06890;136.03560;141971;134.86960;136.42430;136.32710;134.96670;1.02910;SEK;"All";2017-08-14;2017-08-15
6.1817863140;2017-08-16;6557877;SE0000170375.XSTO;24071;0.57600;0.77740;134.96670;174155;134.86960;136.42430;134.86960;135.74410;1.02910;SEK;"All";2017-08-15;2017-08-16
6.1331086080;2017-08-17;6557878;SE0000170375.XSTO;24071;-0.78700;-1.06890;135.74410;126644;134.48090;135.64690;135.54980;134.67520;1.02910;SEK;"All";2017-08-16;2017-08-17
6.0578856360;2017-08-18;6557879;SE0000170375.XSTO;24071;-1.22700;-1.65180;134.67520;208732;131.95450;134.57810;134.57810;133.02340;1.02910;SEK;"All";2017-08-17;2017-08-18
6.0711605460;2017-08-21;6557880;SE0000170375.XSTO;24071;0.21900;0.29150;133.02340;297568;132.14890;133.50920;132.44040;133.31490;1.02910;SEK;"All";2017-08-18;2017-08-21
6.1773598260;2017-08-22;6557881;SE0000170375.XSTO;24071;1.74900;2.33200;133.31490;470312;134.18940;136.03560;134.77240;135.64690;1.02910;SEK;"All";2017-08-21;2017-08-22
6.1596629820;2017-08-23;6557882;SE0000170375.XSTO;24071;-0.28600;-0.38860;135.64690;352136;133.89790;136.03560;136.03560;135.25830;1.02910;SEK;"All";2017-08-22;2017-08-23
6.1463835180;2017-08-24;6557883;SE0000170375.XSTO;24071;-0.21600;-0.29160;135.25830;259810;133.89790;135.45260;135.35540;134.96670;1.02910;SEK;"All";2017-08-23;2017-08-24
6.1463835180;2017-08-25;6557884;SE0000170375.XSTO;24071;0.00000;0.00000;134.96670;211033;134.48090;135.35540;135.35540;134.96670;1.02910;SEK;"All";2017-08-24;2017-08-25
6.1375350960;2017-08-28;6557885;SE0000170375.XSTO;24071;-0.14400;-0.19430;134.96670;205558;134.67520;135.64690;135.06390;134.77240;1.02910;SEK;"All";2017-08-25;2017-08-28
6.1331086080;2017-08-29;6557886;SE0000170375.XSTO;24071;-0.07200;-0.09720;134.77240;198864;133.31490;134.96670;134.48090;134.67520;1.02910;SEK;"All";2017-08-28;2017-08-29
6.1640849160;2017-08-30;6557887;SE0000170375.XSTO;24071;0.50500;0.68020;134.67520;244273;134.57810;135.54980;134.67520;135.35540;1.02910;SEK;"All";2017-08-29;2017-08-30
6.2481608640;2017-08-31;6557888;SE0000170375.XSTO;24071;1.36400;1.84620;135.35540;328600;135.16110;137.29880;135.16110;137.20160;1.02910;SEK;"All";2017-08-30;2017-08-31
6.2968385700;2017-09-01;6557889;SE0000170375.XSTO;24071;0.77900;1.06890;137.20160;221710;137.20160;138.46480;137.20160;138.27050;1.02910;SEK;"All";2017-08-31;2017-09-01
6.2393124420;2017-09-04;6557890;SE0000170375.XSTO;24071;-0.91400;-1.26320;138.27050;157638;136.91010;137.97900;137.10440;137.00730;1.02910;SEK;"All";2017-09-01;2017-09-04
6.1773598260;2017-09-05;6557891;SE0000170375.XSTO;24071;-0.99300;-1.36040;137.00730;161312;135.64690;137.39600;137.10440;135.64690;1.02910;SEK;"All";2017-09-04;2017-09-05
6.1685114040;2017-09-06;6557892;SE0000170375.XSTO;24071;-0.14300;-0.19430;135.64690;224441;133.99510;136.13280;136.13280;135.45260;1.02910;SEK;"All";2017-09-05;2017-09-06
6.1994877120;2017-09-07;6557893;SE0000170375.XSTO;24071;0.50200;0.68020;135.45260;203014;135.25830;136.22990;135.64690;136.13280;1.02910;SEK;"All";2017-09-06;2017-09-07
6.2039096460;2017-09-08;6557894;SE0000170375.XSTO;24071;0.07100;0.09710;136.13280;145122;135.35540;136.61860;135.35540;136.22990;1.02910;SEK;"All";2017-09-07;2017-09-08
6.2260375320;2017-09-11;6557895;SE0000170375.XSTO;24071;0.35700;0.48590;136.22990;193812;136.13280;137.00730;136.13280;136.71580;1.02910;SEK;"All";2017-09-08;2017-09-11
6.1994877120;2017-09-12;6557896;SE0000170375.XSTO;24071;-0.42600;-0.58300;136.71580;146120;135.64690;137.10440;136.71580;136.13280;1.02910;SEK;"All";2017-09-11;2017-09-12
6.1817863140;2017-09-13;6557897;SE0000170375.XSTO;24071;-0.28600;-0.38870;136.13280;174264;134.67520;136.03560;135.45260;135.74410;1.02910;SEK;"All";2017-09-12;2017-09-13
6.2171845560;2017-09-14;6557898;SE0000170375.XSTO;24071;0.57300;0.77730;135.74410;272889;135.16110;136.52140;135.93840;136.52140;1.02910;SEK;"All";2017-09-13;2017-09-14
6.2039096460;2017-09-15;6557899;SE0000170375.XSTO;24071;-0.21400;-0.29150;136.52140;289527;135.93840;137.10440;136.52140;136.22990;1.02910;SEK;"All";2017-09-14;2017-09-15
6.1950612240;2017-09-18;6557900;SE0000170375.XSTO;24071;-0.14300;-0.19430;136.22990;167234;135.93840;137.29880;136.81290;136.03560;1.02910;SEK;"All";2017-09-15;2017-09-18
6.1773598260;2017-09-19;6557901;SE0000170375.XSTO;24071;-0.28600;-0.38870;136.03560;98906;135.64690;136.71580;136.03560;135.64690;1.02910;SEK;"All";2017-09-18;2017-09-19
6.2216110440;2017-09-20;6557902;SE0000170375.XSTO;24071;0.71600;0.97170;135.64690;116419;135.35540;136.91010;135.35540;136.61860;1.02910;SEK;"All";2017-09-19;2017-09-20
6.1596629820;2017-09-21;6557903;SE0000170375.XSTO;24071;-0.99600;-1.36030;136.61860;136860;134.96670;137.29880;136.91010;135.25830;1.02910;SEK;"All";2017-09-20;2017-09-21
6.1596629820;2017-09-22;6557904;SE0000170375.XSTO;24071;0.00000;0.00000;135.25830;206883;134.48090;135.64690;135.16110;135.25830;1.02910;SEK;"All";2017-09-21;2017-09-22
6.1331086080;2017-09-25;6557905;SE0000170375.XSTO;24071;-0.43100;-0.58310;135.25830;156700;134.67520;135.54980;135.54980;134.67520;1.02910;SEK;"All";2017-09-22;2017-09-25
6.1154117640;2017-09-26;6557906;SE0000170375.XSTO;24071;-0.28900;-0.38860;134.67520;302948;133.89790;134.96670;134.57810;134.28660;1.02910;SEK;"All";2017-09-25;2017-09-26
6.0313358160;2017-09-27;6557907;SE0000170375.XSTO;24071;-1.37500;-1.84620;134.28660;315269;132.14890;134.86960;134.28660;132.44040;1.02910;SEK;"All";2017-09-26;2017-09-27
6.0224828400;2017-09-28;6557908;SE0000170375.XSTO;24071;-0.14700;-0.19440;132.44040;216030;132.05170;133.02340;132.63470;132.24600;1.02910;SEK;"All";2017-09-27;2017-09-28
6.1508100060;2017-09-29;6557909;SE0000170375.XSTO;24071;2.13100;2.81790;132.24600;640230;132.53750;135.93840;132.73190;135.06390;1.02910;SEK;"All";2017-09-28;2017-09-29
6.1198336980;2017-10-02;6557910;SE0000170375.XSTO;24071;-0.50400;-0.68020;135.06390;182368;133.80070;135.93840;135.16110;134.38370;1.02910;SEK;"All";2017-09-29;2017-10-02
6.1463835180;2017-10-03;6557911;SE0000170375.XSTO;24071;0.43400;0.58300;134.38370;128278;134.38370;135.25830;134.67520;134.96670;1.02910;SEK;"All";2017-10-02;2017-10-03
6.1729378920;2017-10-04;6557912;SE0000170375.XSTO;24071;0.43200;0.58310;134.96670;224726;134.28660;135.74410;134.96670;135.54980;1.02910;SEK;"All";2017-10-03;2017-10-04
6.1817863140;2017-10-05;6557913;SE0000170375.XSTO;24071;0.14300;0.19430;135.54980;177082;134.96670;135.74410;135.45260;135.74410;1.02910;SEK;"All";2017-10-04;2017-10-05
6.0977103660;2017-10-06;6557914;SE0000170375.XSTO;24071;-1.36000;-1.84620;135.74410;250308;133.21770;135.84130;135.74410;133.89790;1.02910;SEK;"All";2017-10-05;2017-10-06
6.0977103660;2017-10-09;6557915;SE0000170375.XSTO;24071;0.00000;0.00000;133.89790;170820;133.60640;134.57810;133.89790;133.89790;1.02910;SEK;"All";2017-10-06;2017-10-09
6.1286866740;2017-10-10;6557916;SE0000170375.XSTO;24071;0.50800;0.68020;133.89790;200451;133.70360;134.77240;133.99510;134.57810;1.02910;SEK;"All";2017-10-09;2017-10-10
6.1198336980;2017-10-11;6557917;SE0000170375.XSTO;24071;-0.14400;-0.19440;134.57810;317984;133.80070;135.06390;134.57810;134.38370;1.02910;SEK;"All";2017-10-10;2017-10-11
6.2127626220;2017-10-12;6557918;SE0000170375.XSTO;24071;1.51800;2.04060;134.38370;213483;134.09220;136.61860;134.09220;136.42430;1.02910;SEK;"All";2017-10-11;2017-10-12
6.1508100060;2017-10-13;6557919;SE0000170375.XSTO;24071;-0.99700;-1.36040;136.42430;231379;134.67520;136.42430;136.42430;135.06390;1.02910;SEK;"All";2017-10-12;2017-10-13
6.1640849160;2017-10-16;6557920;SE0000170375.XSTO;24071;0.21600;0.29150;135.06390;124354;134.18940;135.54980;134.77240;135.35540;1.02910;SEK;"All";2017-10-13;2017-10-16
6.1950612240;2017-10-17;6557921;SE0000170375.XSTO;24071;0.50300;0.68020;135.35540;268081;135.74410;137.78460;136.91010;136.03560;1.02910;SEK;"All";2017-10-16;2017-10-17
6.2304594660;2017-10-18;6557922;SE0000170375.XSTO;24071;0.57100;0.77730;136.03560;344513;135.35540;137.59030;136.22990;136.81290;1.02910;SEK;"All";2017-10-17;2017-10-18
6.1817863140;2017-10-19;6557923;SE0000170375.XSTO;24071;-0.78100;-1.06880;136.81290;319976;135.06390;137.20160;137.00730;135.74410;1.02910;SEK;"All";2017-10-18;2017-10-19
6.1419615840;2017-10-20;6557924;SE0000170375.XSTO;24071;-0.64400;-0.87450;135.74410;299430;134.86960;136.13280;135.93840;134.86960;1.02910;SEK;"All";2017-10-19;2017-10-20
6.1242601860;2017-10-23;6557925;SE0000170375.XSTO;24071;-0.28800;-0.38870;134.86960;217183;134.28660;135.25830;135.25830;134.48090;1.02910;SEK;"All";2017-10-20;2017-10-23
5.9870845980;2017-10-24;6557926;SE0000170375.XSTO;24071;-2.24000;-3.01220;134.48090;403020;130.78850;134.38370;134.28660;131.46870;1.02910;SEK;"All";2017-10-23;2017-10-24
5.9118570720;2017-10-25;6557927;SE0000170375.XSTO;24071;-1.25600;-1.65190;131.46870;313938;129.62250;131.56590;131.46870;129.81680;1.02910;SEK;"All";2017-10-24;2017-10-25
5.9561082900;2017-10-26;6557928;SE0000170375.XSTO;24071;0.74900;0.97170;129.81680;284966;129.42820;130.78850;129.42820;130.78850;1.02910;SEK;"All";2017-10-25;2017-10-26
5.9561082900;2017-10-27;6557929;SE0000170375.XSTO;24071;0.00000;0.00000;130.78850;218602;130.39980;131.46870;130.78850;130.78850;1.02910;SEK;"All";2017-10-26;2017-10-27
5.9782361760;2017-10-30;6557930;SE0000170375.XSTO;24071;0.37200;0.48590;130.78850;308407;130.78850;131.56590;130.78850;131.27440;1.02910;SEK;"All";2017-10-27;2017-10-30
6.0977103660;2017-10-31;6557931;SE0000170375.XSTO;24071;1.99800;2.62350;131.27440;240829;131.17720;133.89790;131.17720;133.89790;1.02910;SEK;"All";2017-10-30;2017-10-31
6.1286866740;2017-11-01;6557932;SE0000170375.XSTO;24071;0.50800;0.68020;133.89790;177107;133.41210;135.45260;133.60640;134.57810;1.02910;SEK;"All";2017-10-31;2017-11-01
6.1065587880;2017-11-02;6557933;SE0000170375.XSTO;24071;-0.36100;-0.48590;134.57810;157410;133.70360;135.06390;134.57810;134.09220;1.02910;SEK;"All";2017-11-01;2017-11-02
6.1817863140;2017-11-03;6557934;SE0000170375.XSTO;24071;1.23200;1.65190;134.09220;134826;133.70360;135.93840;134.09220;135.74410;1.02910;SEK;"All";2017-11-02;2017-11-03
6.1286866740;2017-11-06;6557935;SE0000170375.XSTO;24071;-0.85900;-1.16600;135.74410;1012935;134.18940;136.03560;135.74410;134.57810;1.02910;SEK;"All";2017-11-03;2017-11-06
6.1242601860;2017-11-07;6557936;SE0000170375.XSTO;24071;-0.07200;-0.09720;134.57810;337223;133.21770;135.54980;134.48090;134.48090;1.02910;SEK;"All";2017-11-06;2017-11-07
6.1286866740;2017-11-08;6557937;SE0000170375.XSTO;24071;0.07200;0.09720;134.48090;379856;134.09220;135.35540;134.09220;134.57810;1.02910;SEK;"All";2017-11-07;2017-11-08
6.1065587880;2017-11-09;6557938;SE0000170375.XSTO;24071;-0.36100;-0.48590;134.57810;315685;133.12060;135.06390;134.57810;134.09220;1.02910;SEK;"All";2017-11-08;2017-11-09
6.0755870340;2017-11-10;6557939;SE0000170375.XSTO;24071;-0.50700;-0.68010;134.09220;254760;132.92620;134.28660;133.80070;133.41210;1.02910;SEK;"All";2017-11-09;2017-11-10
6.0003595080;2017-11-13;6557940;SE0000170375.XSTO;24071;-1.23800;-1.65190;133.41210;326292;130.78850;134.09220;133.21770;131.76020;1.02910;SEK;"All";2017-11-10;2017-11-13
6.0180609060;2017-11-14;6557941;SE0000170375.XSTO;24071;0.29500;0.38870;131.76020;247962;131.17720;132.82900;131.85740;132.14890;1.02910;SEK;"All";2017-11-13;2017-11-14
6.0534591480;2017-11-15;6557942;SE0000170375.XSTO;24071;0.58800;0.77730;132.14890;339236;131.27440;132.92620;131.76020;132.92620;1.02910;SEK;"All";2017-11-14;2017-11-15
6.0755870340;2017-11-16;6557943;SE0000170375.XSTO;24071;0.36600;0.48590;132.92620;215979;132.63470;134.18940;133.02340;133.41210;1.02910;SEK;"All";2017-11-15;2017-11-16
5.9738096880;2017-11-17;6557944;SE0000170375.XSTO;24071;-1.67500;-2.23490;133.41210;252986;131.08000;133.60640;133.50920;131.17720;1.02910;SEK;"All";2017-11-16;2017-11-17
5.8808853180;2017-11-20;6557945;SE0000170375.XSTO;24071;-1.55600;-2.04050;131.17720;207797;128.84510;131.08000;130.98280;129.13670;1.02910;SEK;"All";2017-11-17;2017-11-20
5.9339849580;2017-11-21;6557946;SE0000170375.XSTO;24071;0.90300;1.16600;129.13670;175620;128.35930;130.30270;129.13670;130.30270;1.02910;SEK;"All";2017-11-20;2017-11-21
5.8012313040;2017-11-22;6557947;SE0000170375.XSTO;24071;-2.23700;-2.91510;130.30270;250354;127.29050;130.10830;130.10830;127.38760;1.02910;SEK;"All";2017-11-21;2017-11-22
5.7968093700;2017-11-23;6557948;SE0000170375.XSTO;24071;-0.07600;-0.09710;127.38760;213601;126.80460;128.06780;128.06780;127.29050;1.02910;SEK;"All";2017-11-22;2017-11-23
5.8322076120;2017-11-24;6557949;SE0000170375.XSTO;24071;0.61100;0.77730;127.29050;180390;127.38760;128.94230;127.38760;128.06780;1.02910;SEK;"All";2017-11-23;2017-11-24
5.8366341000;2017-11-27;6557950;SE0000170375.XSTO;24071;0.07600;0.09720;128.06780;320145;127.77630;128.84510;128.16500;128.16500;1.02910;SEK;"All";2017-11-24;2017-11-27
5.8233591900;2017-11-28;6557951;SE0000170375.XSTO;24071;-0.22700;-0.29150;128.16500;365127;127.29050;131.17720;130.69130;127.87350;1.02910;SEK;"All";2017-11-27;2017-11-28
5.8100842800;2017-11-29;6557952;SE0000170375.XSTO;24071;-0.22800;-0.29150;127.87350;193057;127.38760;128.65080;128.16500;127.58200;1.02910;SEK;"All";2017-11-28;2017-11-29
5.8056577920;2017-11-30;6557953;SE0000170375.XSTO;24071;-0.07600;-0.09720;127.58200;955028;127.29050;127.97060;127.67910;127.48480;1.02910;SEK;"All";2017-11-29;2017-11-30
5.7614065740;2017-12-01;6557954;SE0000170375.XSTO;24071;-0.76200;-0.97170;127.48480;486773;126.51310;128.55360;127.48480;126.51310;1.02910;SEK;"All";2017-11-30;2017-12-01
5.7525581520;2017-12-04;6557955;SE0000170375.XSTO;24071;-0.15400;-0.19430;126.51310;703988;126.12440;128.65080;128.65080;126.31880;1.02910;SEK;"All";2017-12-01;2017-12-04
5.7835299060;2017-12-05;6557956;SE0000170375.XSTO;24071;0.53800;0.68010;126.31880;759399;126.02730;127.87350;126.31880;126.99890;1.02910;SEK;"All";2017-12-04;2017-12-05
5.7968093700;2017-12-06;6557957;SE0000170375.XSTO;24071;0.23000;0.29160;126.99890;213433;126.41590;127.77630;126.41590;127.29050;1.02910;SEK;"All";2017-12-05;2017-12-06
5.8764588300;2017-12-07;6557958;SE0000170375.XSTO;24071;1.37400;1.74900;127.29050;240372;127.38760;129.81680;127.38760;129.03950;1.02910;SEK;"All";2017-12-06;2017-12-07
5.9649567120;2017-12-08;6557959;SE0000170375.XSTO;24071;1.50600;1.94330;129.03950;491969;129.71970;131.76020;129.81680;130.98280;1.02910;SEK;"All";2017-12-07;2017-12-08
5.9295584700;2017-12-11;6557960;SE0000170375.XSTO;24071;-0.59300;-0.77730;130.98280;231015;129.71970;131.46870;130.69130;130.20550;1.02910;SEK;"All";2017-12-08;2017-12-11
5.9162835600;2017-12-12;6557961;SE0000170375.XSTO;24071;-0.22400;-0.29150;130.20550;148493;129.33100;130.59420;130.20550;129.91400;1.02910;SEK;"All";2017-12-11;2017-12-12
5.9295584700;2017-12-13;6557962;SE0000170375.XSTO;24071;0.22400;0.29150;129.91400;252257;128.35930;130.30270;130.20550;130.20550;1.02910;SEK;"All";2017-12-12;2017-12-13
5.8897337400;2017-12-14;6557963;SE0000170375.XSTO;24071;-0.67200;-0.87450;130.20550;223856;129.13670;130.01120;129.71970;129.33100;1.02910;SEK;"All";2017-12-13;2017-12-14
5.9472598680;2017-12-15;6557964;SE0000170375.XSTO;24071;0.97700;1.26320;129.33100;409714;128.06780;130.59420;129.13670;130.59420;1.02910;SEK;"All";2017-12-14;2017-12-15
5.9738096880;2017-12-18;6557965;SE0000170375.XSTO;24071;0.44600;0.58300;130.59420;188136;130.20550;131.85740;130.20550;131.17720;1.02910;SEK;"All";2017-12-15;2017-12-18
5.9295584700;2017-12-19;6557966;SE0000170375.XSTO;24071;-0.74100;-0.97170;131.17720;164268;129.62250;130.78850;130.78850;130.20550;1.02910;SEK;"All";2017-12-18;2017-12-19
5.9074351380;2017-12-20;6557967;SE0000170375.XSTO;24071;-0.37300;-0.48580;130.20550;259139;129.03950;130.39980;130.20550;129.71970;1.02910;SEK;"All";2017-12-19;2017-12-20
5.8366341000;2017-12-21;6557968;SE0000170375.XSTO;24071;-1.19900;-1.55470;129.71970;146899;127.67910;130.10830;129.71970;128.16500;1.02910;SEK;"All";2017-12-20;2017-12-21
5.7392832420;2017-12-22;6557969;SE0000170375.XSTO;24071;-1.66800;-2.13770;128.16500;300469;125.63860;127.87350;127.87350;126.02730;1.02910;SEK;"All";2017-12-21;2017-12-22
5.7746814840;2017-12-27;6557970;SE0000170375.XSTO;24071;0.61700;0.77730;126.02730;496782;125.05560;126.80460;126.02730;126.80460;1.02910;SEK;"All";2017-12-22;2017-12-27
5.8100842800;2017-12-28;6557971;SE0000170375.XSTO;24071;0.61300;0.77740;126.80460;137333;126.41590;127.77630;126.99890;127.58200;1.02910;SEK;"All";2017-12-27;2017-12-28
5.8145062140;2017-12-29;6557972;SE0000170375.XSTO;24071;0.07600;0.09710;127.58200;85083;127.09610;127.97060;127.38760;127.67910;1.02910;SEK;"All";2017-12-28;2017-12-29
5.7614065740;2018-01-02;6557973;SE0000170375.XSTO;24071;-0.91300;-1.16600;127.67910;170352;125.93010;128.74800;128.26210;126.51310;1.02910;SEK;"All";2017-12-29;2018-01-02
5.8233591900;2018-01-03;6557974;SE0000170375.XSTO;24071;1.07500;1.36040;126.51310;215101;126.02730;127.87350;126.41590;127.87350;1.02910;SEK;"All";2018-01-02;2018-01-03
5.8233591900;2018-01-04;6557975;SE0000170375.XSTO;24071;0.00000;0.00000;127.87350;156730;126.80460;127.87350;127.77630;127.87350;1.02910;SEK;"All";2018-01-03;2018-01-04
5.9030086500;2018-01-05;6557976;SE0000170375.XSTO;24071;1.36800;1.74900;127.87350;157934;127.29050;129.71970;127.58200;129.62250;1.02910;SEK;"All";2018-01-04;2018-01-05
5.9428333800;2018-01-08;6557977;SE0000170375.XSTO;24071;0.67500;0.87450;129.62250;318378;128.84510;130.59420;129.03950;130.49700;1.02910;SEK;"All";2018-01-05;2018-01-08
6.0003595080;2018-01-09;6557978;SE0000170375.XSTO;24071;0.96800;1.26320;130.49700;257782;130.10830;131.85740;130.49700;131.76020;1.02910;SEK;"All";2018-01-08;2018-01-09
5.9074351380;2018-01-10;6557979;SE0000170375.XSTO;24071;-1.54900;-2.04050;131.76020;300183;129.23380;131.76020;131.76020;129.71970;1.02910;SEK;"All";2018-01-09;2018-01-10
5.9030086500;2018-01-11;6557980;SE0000170375.XSTO;24071;-0.07500;-0.09720;129.71970;324482;128.55360;130.49700;129.62250;129.62250;1.02910;SEK;"All";2018-01-10;2018-01-11
6.0092079300;2018-01-12;6557981;SE0000170375.XSTO;24071;1.79900;2.33200;129.62250;485086;128.94230;132.24600;130.10830;131.95450;1.02910;SEK;"All";2018-01-11;2018-01-12
5.9384068920;2018-01-15;6557982;SE0000170375.XSTO;24071;-1.17800;-1.55470;131.95450;371377;129.23380;132.05170;132.05170;130.39980;1.02910;SEK;"All";2018-01-12;2018-01-15
5.9605347780;2018-01-16;6557983;SE0000170375.XSTO;24071;0.37300;0.48590;130.39980;719250;128.65080;130.98280;130.49700;130.88570;1.02910;SEK;"All";2018-01-15;2018-01-16
6.0003595080;2018-01-17;6557984;SE0000170375.XSTO;24071;0.66800;0.87450;130.88570;337723;130.01120;132.05170;130.98280;131.76020;1.02910;SEK;"All";2018-01-16;2018-01-17
5.8941602280;2018-01-18;6557985;SE0000170375.XSTO;24071;-1.77000;-2.33200;131.76020;527062;129.13670;131.76020;131.76020;129.42820;1.02910;SEK;"All";2018-01-17;2018-01-18
5.9118570720;2018-01-19;6557986;SE0000170375.XSTO;24071;0.30000;0.38860;129.42820;406467;128.55360;129.81680;129.52530;129.81680;1.02910;SEK;"All";2018-01-18;2018-01-19
5.8676058540;2018-01-22;6557987;SE0000170375.XSTO;24071;-0.74900;-0.97170;129.81680;244603;128.06780;129.62250;129.52530;128.84510;1.02910;SEK;"All";2018-01-19;2018-01-22
5.9074351380;2018-01-23;6557988;SE0000170375.XSTO;24071;0.67900;0.87460;128.84510;178990;128.26210;130.01120;129.13670;129.71970;1.02910;SEK;"All";2018-01-22;2018-01-23
5.7304302660;2018-01-24;6557989;SE0000170375.XSTO;24071;-2.99600;-3.88680;129.71970;1763399;125.63860;129.62250;129.42820;125.83290;1.02910;SEK;"All";2018-01-23;2018-01-24
5.6552072940;2018-01-25;6557990;SE0000170375.XSTO;24071;-1.31300;-1.65180;125.83290;421190;123.88960;126.02730;126.02730;124.18110;1.02910;SEK;"All";2018-01-24;2018-01-25
5.7083069340;2018-01-26;6557991;SE0000170375.XSTO;24071;0.93900;1.16600;124.18110;169887;123.79240;125.54140;123.98670;125.34710;1.02910;SEK;"All";2018-01-25;2018-01-26
5.6198044980;2018-01-29;6557992;SE0000170375.XSTO;24071;-1.55000;-1.94340;125.34710;265203;123.20940;125.83290;125.83290;123.40370;1.02910;SEK;"All";2018-01-26;2018-01-29
5.5622783700;2018-01-30;6557993;SE0000170375.XSTO;24071;-1.02400;-1.26320;123.40370;258481;121.75190;123.69520;122.72350;122.14050;1.02910;SEK;"All";2018-01-29;2018-01-30
5.6109560760;2018-01-31;6557994;SE0000170375.XSTO;24071;0.87500;1.06890;122.14050;496494;121.46040;123.30660;122.33490;123.20940;1.02910;SEK;"All";2018-01-30;2018-01-31
5.5844062560;2018-02-01;6557995;SE0000170375.XSTO;24071;-0.47300;-0.58300;123.20940;424238;122.23770;124.27820;123.50090;122.62640;1.02910;SEK;"All";2018-01-31;2018-02-01
5.5490034600;2018-02-02;6557996;SE0000170375.XSTO;24071;-0.63400;-0.77740;122.62640;493321;121.55750;122.52920;122.33490;121.84900;1.02910;SEK;"All";2018-02-01;2018-02-02
5.3941264740;2018-02-05;6557997;SE0000170375.XSTO;24071;-2.79100;-3.40090;121.84900;285585;117.76800;121.65470;121.46040;118.44810;1.02910;SEK;"All";2018-02-02;2018-02-05
5.3012021040;2018-02-06;6557998;SE0000170375.XSTO;24071;-1.72300;-2.04050;118.44810;422550;113.39540;117.37930;114.46420;116.40760;1.02910;SEK;"All";2018-02-05;2018-02-06
5.4251027820;2018-02-07;6557999;SE0000170375.XSTO;24071;2.33700;2.72070;116.40760;282106;116.40760;119.51700;117.18500;119.12830;1.02910;SEK;"All";2018-02-06;2018-02-07
5.3012021040;2018-02-08;6558000;SE0000170375.XSTO;24071;-2.28400;-2.72070;119.12830;309420;116.31040;118.73960;118.54530;116.40760;1.02910;SEK;"All";2018-02-07;2018-02-08
5.3012021040;2018-02-09;6558001;SE0000170375.XSTO;24071;0.00000;0.00000;116.40760;210021;115.04720;117.18500;116.11610;116.40760;1.02910;SEK;"All";2018-02-08;2018-02-09
5.2967756160;2018-02-12;6558002;SE0000170375.XSTO;24071;-0.08300;-0.09720;116.40760;258007;115.33880;117.67080;117.57360;116.31040;1.02910;SEK;"All";2018-02-09;2018-02-12
5.2702257960;2018-02-13;6558003;SE0000170375.XSTO;24071;-0.50100;-0.58300;116.31040;309172;115.33880;116.69910;116.31040;115.72740;1.02910;SEK;"All";2018-02-12;2018-02-13
5.3410268340;2018-02-14;6558004;SE0000170375.XSTO;24071;1.34300;1.55470;115.72740;279034;116.11610;117.96230;116.21330;117.28210;1.02910;SEK;"All";2018-02-13;2018-02-14
5.3321784120;2018-02-15;6558005;SE0000170375.XSTO;24071;-0.16600;-0.19430;117.28210;518452;116.11610;117.86510;117.86510;117.08780;1.02910;SEK;"All";2018-02-14;2018-02-15
5.5047522420;2018-02-16;6558006;SE0000170375.XSTO;24071;3.23600;3.78950;117.08780;382252;119.71130;121.46040;119.71130;120.87730;1.02910;SEK;"All";2018-02-15;2018-02-16
5.4826289100;2018-02-19;6558007;SE0000170375.XSTO;24071;-0.40200;-0.48580;120.87730;249117;120.10000;121.36320;121.36320;120.39150;1.02910;SEK;"All";2018-02-16;2018-02-19
5.4870553980;2018-02-20;6558008;SE0000170375.XSTO;24071;0.08100;0.09720;120.39150;383178;119.32270;121.07170;120.78020;120.48870;1.02910;SEK;"All";2018-02-19;2018-02-20
5.4870553980;2018-02-21;6558009;SE0000170375.XSTO;24071;0.00000;0.00000;120.48870;274249;119.12830;120.78020;120.58580;120.48870;1.02910;SEK;"All";2018-02-20;2018-02-21
5.5224536400;2018-02-22;6558010;SE0000170375.XSTO;24071;0.64500;0.77730;120.48870;367431;117.86510;121.26600;119.80850;121.26600;1.02910;SEK;"All";2018-02-21;2018-02-22
5.4959038200;2018-02-23;6558011;SE0000170375.XSTO;24071;-0.48100;-0.58300;121.26600;502235;120.19720;122.14050;121.36320;120.68300;1.02910;SEK;"All";2018-02-22;2018-02-23
5.6021031000;2018-02-26;6558012;SE0000170375.XSTO;24071;1.93200;2.33200;120.68300;275134;121.55750;123.50090;121.55750;123.01500;1.02910;SEK;"All";2018-02-23;2018-02-26
5.5711313460;2018-02-27;6558013;SE0000170375.XSTO;24071;-0.55300;-0.68010;123.01500;276212;121.84900;123.30660;123.11220;122.33490;1.02910;SEK;"All";2018-02-26;2018-02-27
5.5667048580;2018-02-28;6558014;SE0000170375.XSTO;24071;-0.07900;-0.09720;122.33490;576765;120.29430;122.52920;122.14050;122.23770;1.02910;SEK;"All";2018-02-27;2018-02-28
5.5357285500;2018-03-01;6558015;SE0000170375.XSTO;24071;-0.55600;-0.68020;122.23770;256306;121.26600;122.82070;122.23770;121.55750;1.02910;SEK;"All";2018-02-28;2018-03-01
5.4295292700;2018-03-02;6558016;SE0000170375.XSTO;24071;-1.91800;-2.33200;121.55750;375933;118.83680;122.04340;121.07170;119.22550;1.02910;SEK;"All";2018-03-01;2018-03-02
5.4737804880;2018-03-05;6558017;SE0000170375.XSTO;24071;0.81500;0.97170;119.22550;297410;119.32270;120.87730;119.32270;120.19720;1.02910;SEK;"All";2018-03-02;2018-03-05
5.4782024220;2018-03-06;6558018;SE0000170375.XSTO;24071;0.08100;0.09710;120.19720;277819;119.51700;121.07170;121.07170;120.29430;1.02910;SEK;"All";2018-03-05;2018-03-06
5.5047522420;2018-03-07;6558019;SE0000170375.XSTO;24071;0.48500;0.58300;120.29430;475485;119.80850;120.87730;119.80850;120.87730;1.02910;SEK;"All";2018-03-06;2018-03-07
5.6507808060;2018-03-08;6558020;SE0000170375.XSTO;24071;2.65300;3.20660;120.87730;312419;121.07170;124.18110;121.07170;124.08390;1.02910;SEK;"All";2018-03-07;2018-03-08
5.6286574740;2018-03-09;6558021;SE0000170375.XSTO;24071;-0.39200;-0.48580;124.08390;459330;122.91790;124.27820;124.08390;123.59810;1.02910;SEK;"All";2018-03-08;2018-03-09
5.6242309860;2018-03-12;6558022;SE0000170375.XSTO;24071;-0.07900;-0.09720;123.59810;211055;123.01500;124.76410;124.37540;123.50090;1.02910;SEK;"All";2018-03-09;2018-03-12
5.6153825640;2018-03-13;6558023;SE0000170375.XSTO;24071;-0.15700;-0.19430;123.50090;135599;122.91790;124.18110;123.50090;123.30660;1.02910;SEK;"All";2018-03-12;2018-03-13
5.5932546780;2018-03-14;6558024;SE0000170375.XSTO;24071;-0.39400;-0.48590;123.30660;195127;122.62640;124.56970;123.30660;122.82070;1.02910;SEK;"All";2018-03-13;2018-03-14
5.6552072940;2018-03-15;6558025;SE0000170375.XSTO;24071;1.10800;1.36040;122.82070;253838;121.55750;124.18110;122.91790;124.18110;1.02910;SEK;"All";2018-03-14;2018-03-15
5.5667048580;2018-03-16;6558026;SE0000170375.XSTO;24071;-1.56500;-1.94340;124.18110;719137;121.84900;124.18110;124.18110;122.23770;1.02910;SEK;"All";2018-03-15;2018-03-16
5.5445815260;2018-03-19;6558027;SE0000170375.XSTO;24071;-0.39700;-0.48580;122.23770;283108;121.55750;122.52920;122.33490;121.75190;1.02910;SEK;"All";2018-03-16;2018-03-19
5.4826289100;2018-03-20;6558028;SE0000170375.XSTO;24071;-1.11700;-1.36040;121.75190;435051;119.71130;122.04340;122.04340;120.39150;1.02910;SEK;"All";2018-03-19;2018-03-20
5.4428041800;2018-03-21;6558029;SE0000170375.XSTO;24071;-0.72600;-0.87450;120.39150;586342;119.51700;120.78020;120.39150;119.51700;1.02910;SEK;"All";2018-03-20;2018-03-21
5.4693540000;2018-03-22;6558030;SE0000170375.XSTO;24071;0.48800;0.58300;119.51700;425069;118.83680;120.19720;119.51700;120.10000;1.02910;SEK;"All";2018-03-21;2018-03-22
5.4374760000;2018-03-23;6558031;SE0000170375.XSTO;24071;-0.58300;-0.70000;120.10000;346075;118.70000;121.00000;120.30000;119.40000;1.00000;SEK;"All";2018-03-22;2018-03-23
5.3782740000;2018-03-26;6558032;SE0000170375.XSTO;24071;-1.08900;-1.30000;119.40000;311993;118.00000;120.30000;119.80000;118.10000;1.00000;SEK;"All";2018-03-23;2018-03-26
5.4648000000;2018-03-27;6558033;SE0000170375.XSTO;24071;1.60900;1.90000;118.10000;1045012;117.90000;120.10000;119.40000;120.00000;1.00000;SEK;"All";2018-03-26;2018-03-27
5.5331100000;2018-03-28;6558034;SE0000170375.XSTO;24071;1.25000;1.50000;120.00000;268406;119.20000;121.50000;119.70000;121.50000;1.00000;SEK;"All";2018-03-27;2018-03-28
5.6424060000;2018-03-29;6558035;SE0000170375.XSTO;24071;1.97500;2.40000;121.50000;161480;121.60000;124.10000;121.80000;123.90000;1.00000;SEK;"All";2018-03-28;2018-03-29
5.5376640000;2018-04-03;6558036;SE0000170375.XSTO;24071;-1.85600;-2.30000;123.90000;1514301;120.90000;123.70000;123.70000;121.60000;1.00000;SEK;"All";2018-03-29;2018-04-03
5.5194480000;2018-04-04;6558037;SE0000170375.XSTO;24071;-0.32900;-0.40000;121.60000;284621;120.80000;121.90000;121.90000;121.20000;1.00000;SEK;"All";2018-04-03;2018-04-04
5.5331100000;2018-04-05;6558038;SE0000170375.XSTO;24071;0.24800;0.30000;121.20000;351927;120.70000;122.80000;122.80000;121.50000;1.00000;SEK;"All";2018-04-04;2018-04-05
5.5331100000;2018-04-06;6558039;SE0000170375.XSTO;24071;0.00000;0.00000;121.50000;230447;120.50000;122.50000;121.40000;121.50000;1.00000;SEK;"All";2018-04-05;2018-04-06
5.5331100000;2018-04-09;6558040;SE0000170375.XSTO;24071;0.00000;0.00000;121.50000;304900;120.90000;122.80000;121.70000;121.50000;1.00000;SEK;"All";2018-04-06;2018-04-09
5.5240020000;2018-04-10;6558041;SE0000170375.XSTO;24071;-0.16500;-0.20000;121.50000;986362;120.10000;122.20000;122.20000;121.30000;1.00000;SEK;"All";2018-04-09;2018-04-10
5.5012320000;2018-04-11;6558042;SE0000170375.XSTO;24071;-0.41200;-0.50000;121.30000;539084;120.50000;122.30000;120.90000;120.80000;1.00000;SEK;"All";2018-04-10;2018-04-11
5.5331100000;2018-04-12;6558043;SE0000170375.XSTO;24071;0.57900;0.70000;120.80000;398232;120.00000;122.30000;120.90000;121.50000;1.00000;SEK;"All";2018-04-11;2018-04-12
5.6196360000;2018-04-13;6558044;SE0000170375.XSTO;24071;1.56400;1.90000;121.50000;406109;121.10000;124.40000;121.70000;123.40000;1.00000;SEK;"All";2018-04-12;2018-04-13
5.5968660000;2018-04-16;6558045;SE0000170375.XSTO;24071;-0.40500;-0.50000;123.40000;542611;122.20000;123.70000;123.60000;122.90000;1.00000;SEK;"All";2018-04-13;2018-04-16
5.7198240000;2018-04-17;6558046;SE0000170375.XSTO;24071;2.19700;2.70000;122.90000;434326;122.90000;125.90000;122.90000;125.60000;1.00000;SEK;"All";2018-04-16;2018-04-17
5.7334860000;2018-04-18;6558047;SE0000170375.XSTO;24071;0.23900;0.30000;125.60000;199385;124.50000;126.50000;126.30000;125.90000;1.00000;SEK;"All";2018-04-17;2018-04-18
5.7107160000;2018-04-19;6558048;SE0000170375.XSTO;24071;-0.39700;-0.50000;125.90000;381821;124.90000;126.50000;125.70000;125.40000;1.00000;SEK;"All";2018-04-18;2018-04-19
5.6925000000;2018-04-20;6558049;SE0000170375.XSTO;24071;-0.31900;-0.40000;125.40000;478506;124.70000;127.20000;125.50000;125.00000;1.00000;SEK;"All";2018-04-19;2018-04-20
5.6833920000;2018-04-23;6558050;SE0000170375.XSTO;24071;-0.16000;-0.20000;125.00000;228751;123.90000;125.30000;125.10000;124.80000;1.00000;SEK;"All";2018-04-20;2018-04-23
5.7107160000;2018-04-24;6558051;SE0000170375.XSTO;24071;0.48100;0.60000;124.80000;272847;125.00000;126.40000;125.00000;125.40000;1.00000;SEK;"All";2018-04-23;2018-04-24
5.7198240000;2018-04-25;6558052;SE0000170375.XSTO;24071;0.15900;0.20000;125.40000;399781;125.00000;126.60000;125.10000;125.60000;1.00000;SEK;"All";2018-04-24;2018-04-25
5.7699180000;2018-04-26;6558053;SE0000170375.XSTO;24071;0.87600;1.10000;125.60000;290035;125.00000;127.00000;125.70000;126.70000;1.00000;SEK;"All";2018-04-25;2018-04-26
5.8701060000;2018-04-27;6558054;SE0000170375.XSTO;24071;1.73600;2.20000;126.70000;853502;126.70000;128.90000;126.90000;128.90000;1.00000;SEK;"All";2018-04-26;2018-04-27
5.8746600000;2018-04-30;6558055;SE0000170375.XSTO;24071;0.07800;0.10000;128.90000;205871;128.70000;129.70000;129.10000;129.00000;1.00000;SEK;"All";2018-04-27;2018-04-30
5.8701060000;2018-05-02;6558056;SE0000170375.XSTO;24071;-0.07800;-0.10000;129.00000;603992;126.90000;129.50000;128.90000;128.90000;1.00000;SEK;"All";2018-04-30;2018-05-02
5.9794020000;2018-05-03;6558057;SE0000170375.XSTO;24071;1.86200;2.40000;128.90000;546214;127.30000;131.80000;128.90000;131.30000;1.00000;SEK;"All";2018-05-02;2018-05-03
5.9520780000;2018-05-04;6558058;SE0000170375.XSTO;24071;-0.45700;-0.60000;131.30000;457248;129.70000;132.60000;131.90000;130.70000;1.00000;SEK;"All";2018-05-03;2018-05-04
5.9611860000;2018-05-07;6558059;SE0000170375.XSTO;24071;0.15300;0.20000;130.70000;252500;129.60000;130.90000;130.70000;130.90000;1.00000;SEK;"All";2018-05-04;2018-05-07
5.9611860000;2018-05-08;6558060;SE0000170375.XSTO;24071;0.00000;0.00000;130.90000;293325;129.50000;131.30000;130.70000;130.90000;1.00000;SEK;"All";2018-05-07;2018-05-08
6.0249420000;2018-05-09;6558061;SE0000170375.XSTO;24071;1.07000;1.40000;130.90000;288015;131.10000;133.00000;131.10000;132.30000;1.00000;SEK;"All";2018-05-08;2018-05-09
5.9976180000;2018-05-11;6558062;SE0000170375.XSTO;24071;-0.45400;-0.60000;132.30000;399325;131.40000;133.20000;132.50000;131.70000;1.00000;SEK;"All";2018-05-09;2018-05-11
5.9611860000;2018-05-14;6558063;SE0000170375.XSTO;24071;-0.60700;-0.80000;131.70000;253868;130.80000;132.10000;131.60000;130.90000;1.00000;SEK;"All";2018-05-11;2018-05-14
5.9110920000;2018-05-15;6558064;SE0000170375.XSTO;24071;-0.84000;-1.10000;130.90000;321351;129.60000;131.20000;130.90000;129.80000;1.00000;SEK;"All";2018-05-14;2018-05-15
5.8518900000;2018-05-16;6558065;SE0000170375.XSTO;24071;-1.00200;-1.30000;129.80000;199009;128.50000;130.60000;129.90000;128.50000;1.00000;SEK;"All";2018-05-15;2018-05-16
5.8609980000;2018-05-17;6558066;SE0000170375.XSTO;24071;0.15600;0.20000;128.50000;196651;127.40000;129.00000;128.70000;128.70000;1.00000;SEK;"All";2018-05-16;2018-05-17
5.8609980000;2018-05-18;6558067;SE0000170375.XSTO;24071;0.00000;0.00000;128.70000;155208;128.00000;129.50000;128.70000;128.70000;1.00000;SEK;"All";2018-05-17;2018-05-18
5.8518900000;2018-05-21;6558068;SE0000170375.XSTO;24071;-0.15500;-0.20000;128.70000;169524;128.00000;129.50000;129.00000;128.50000;1.00000;SEK;"All";2018-05-18;2018-05-21
5.8154580000;2018-05-22;6558069;SE0000170375.XSTO;24071;-0.62300;-0.80000;128.50000;149558;127.60000;128.90000;128.70000;127.70000;1.00000;SEK;"All";2018-05-21;2018-05-22
5.7926880000;2018-05-23;6558070;SE0000170375.XSTO;24071;-0.39200;-0.50000;127.70000;271161;126.60000;128.00000;127.70000;127.20000;1.00000;SEK;"All";2018-05-22;2018-05-23
5.8609980000;2018-05-24;6558071;SE0000170375.XSTO;24071;1.17900;1.50000;127.20000;344957;127.10000;129.30000;127.20000;128.70000;1.00000;SEK;"All";2018-05-23;2018-05-24
5.9794020000;2018-05-25;6558072;SE0000170375.XSTO;24071;2.02000;2.60000;128.70000;398434;128.70000;131.40000;129.00000;131.30000;1.00000;SEK;"All";2018-05-24;2018-05-25
5.9247540000;2018-05-28;6558073;SE0000170375.XSTO;24071;-0.91400;-1.20000;131.30000;225338;130.00000;131.40000;131.30000;130.10000;1.00000;SEK;"All";2018-05-25;2018-05-28
5.8109040000;2018-05-29;6558074;SE0000170375.XSTO;24071;-1.92200;-2.50000;130.10000;374050;126.80000;129.90000;129.90000;127.60000;1.00000;SEK;"All";2018-05-28;2018-05-29
5.8017960000;2018-05-30;6558075;SE0000170375.XSTO;24071;-0.15700;-0.20000;127.60000;195925;126.90000;128.30000;127.50000;127.40000;1.00000;SEK;"All";2018-05-29;2018-05-30
5.8063500000;2018-05-31;6558076;SE0000170375.XSTO;24071;0.07800;0.10000;127.40000;442091;126.50000;128.20000;127.80000;127.50000;1.00000;SEK;"All";2018-05-30;2018-05-31
5.8473360000;2018-06-01;6558077;SE0000170375.XSTO;24071;0.70600;0.90000;127.50000;244160;126.90000;128.60000;127.80000;128.40000;1.00000;SEK;"All";2018-05-31;2018-06-01
5.9110920000;2018-06-04;6558078;SE0000170375.XSTO;24071;1.09000;1.40000;128.40000;345005;128.40000;130.40000;128.90000;129.80000;1.00000;SEK;"All";2018-06-01;2018-06-04
5.9293080000;2018-06-05;6558079;SE0000170375.XSTO;24071;0.30800;0.40000;129.80000;372173;129.70000;131.20000;129.80000;130.20000;1.00000;SEK;"All";2018-06-04;2018-06-05
5.9202000000;2018-06-07;6558080;SE0000170375.XSTO;24071;-0.15400;-0.20000;130.20000;256041;129.50000;131.30000;131.00000;130.00000;1.00000;SEK;"All";2018-06-05;2018-06-07
5.9702940000;2018-06-08;6558081;SE0000170375.XSTO;24071;0.84600;1.10000;130.00000;201555;129.30000;131.70000;130.10000;131.10000;1.00000;SEK;"All";2018-06-07;2018-06-08
5.9930640000;2018-06-11;6558082;SE0000170375.XSTO;24071;0.38100;0.50000;131.10000;164385;131.00000;132.30000;131.90000;131.60000;1.00000;SEK;"All";2018-06-08;2018-06-11
5.9202000000;2018-06-12;6558083;SE0000170375.XSTO;24071;-1.21600;-1.60000;131.60000;173395;129.40000;131.60000;131.60000;130.00000;1.00000;SEK;"All";2018-06-11;2018-06-12
5.9019840000;2018-06-13;6558084;SE0000170375.XSTO;24071;-0.30800;-0.40000;130.00000;135071;129.10000;130.40000;130.30000;129.60000;1.00000;SEK;"All";2018-06-12;2018-06-13
5.8701060000;2018-06-14;6558085;SE0000170375.XSTO;24071;-0.54000;-0.70000;129.60000;381900;127.80000;129.60000;129.40000;128.90000;1.00000;SEK;"All";2018-06-13;2018-06-14
5.8200120000;2018-06-15;6558086;SE0000170375.XSTO;24071;-0.85300;-1.10000;128.90000;434175;127.80000;129.80000;128.90000;127.80000;1.00000;SEK;"All";2018-06-14;2018-06-15
5.8200120000;2018-06-18;6558087;SE0000170375.XSTO;24071;0.00000;0.00000;127.80000;237935;127.20000;128.20000;127.80000;127.80000;1.00000;SEK;"All";2018-06-15;2018-06-18
5.8063500000;2018-06-19;6558088;SE0000170375.XSTO;24071;-0.23500;-0.30000;127.80000;283870;126.80000;127.90000;127.20000;127.50000;1.00000;SEK;"All";2018-06-18;2018-06-19
5.8291200000;2018-06-20;6558089;SE0000170375.XSTO;24071;0.39200;0.50000;127.50000;349459;127.40000;128.60000;127.90000;128.00000;1.00000;SEK;"All";2018-06-19;2018-06-20
5.7835800000;2018-06-21;6558090;SE0000170375.XSTO;24071;-0.78100;-1.00000;128.00000;176671;126.30000;128.30000;128.30000;127.00000;1.00000;SEK;"All";2018-06-20;2018-06-21
5.7972420000;2018-06-25;6558091;SE0000170375.XSTO;24071;0.23600;0.30000;127.00000;244858;125.30000;127.30000;126.70000;127.30000;1.00000;SEK;"All";2018-06-21;2018-06-25
5.8109040000;2018-06-26;6558092;SE0000170375.XSTO;24071;0.23600;0.30000;127.30000;181222;126.90000;127.60000;127.30000;127.60000;1.00000;SEK;"All";2018-06-25;2018-06-26
5.8382280000;2018-06-27;6558093;SE0000170375.XSTO;24071;0.47000;0.60000;127.60000;251041;126.10000;128.20000;128.00000;128.20000;1.00000;SEK;"All";2018-06-26;2018-06-27
5.7835800000;2018-06-28;6558094;SE0000170375.XSTO;24071;-0.93600;-1.20000;128.20000;167342;126.40000;128.80000;128.00000;127.00000;1.00000;SEK;"All";2018-06-27;2018-06-28
5.8427820000;2018-06-29;6558095;SE0000170375.XSTO;24071;1.02400;1.30000;127.00000;290819;127.30000;128.30000;127.70000;128.30000;1.00000;SEK;"All";2018-06-28;2018-06-29
5.8473360000;2018-07-02;6558096;SE0000170375.XSTO;24071;0.07800;0.10000;128.30000;197133;127.50000;128.70000;128.40000;128.40000;1.00000;SEK;"All";2018-06-29;2018-07-02
5.8655520000;2018-07-03;6558097;SE0000170375.XSTO;24071;0.31200;0.40000;128.40000;213659;128.10000;129.60000;128.10000;128.80000;1.00000;SEK;"All";2018-07-02;2018-07-03
5.9794020000;2018-07-04;6558098;SE0000170375.XSTO;24071;1.94100;2.50000;128.80000;395429;128.80000;131.50000;128.90000;131.30000;1.00000;SEK;"All";2018-07-03;2018-07-04
6.0203880000;2018-07-05;6558099;SE0000170375.XSTO;24071;0.68500;0.90000;131.30000;429634;130.60000;132.90000;131.20000;132.20000;1.00000;SEK;"All";2018-07-04;2018-07-05
6.1205760000;2018-07-06;6558100;SE0000170375.XSTO;24071;1.66400;2.20000;132.20000;277634;132.30000;134.40000;132.40000;134.40000;1.00000;SEK;"All";2018-07-05;2018-07-06
6.1661160000;2018-07-09;6558101;SE0000170375.XSTO;24071;0.74400;1.00000;134.40000;292862;134.60000;135.70000;134.60000;135.40000;1.00000;SEK;"All";2018-07-06;2018-07-09
6.2116560000;2018-07-10;6558102;SE0000170375.XSTO;24071;0.73900;1.00000;135.40000;220486;135.00000;136.80000;135.60000;136.40000;1.00000;SEK;"All";2018-07-09;2018-07-10
6.1934400000;2018-07-11;6558103;SE0000170375.XSTO;24071;-0.29300;-0.40000;136.40000;115327;135.30000;136.30000;136.30000;136.00000;1.00000;SEK;"All";2018-07-10;2018-07-11
6.2162100000;2018-07-12;6558104;SE0000170375.XSTO;24071;0.36800;0.50000;136.00000;219956;135.40000;136.70000;136.10000;136.50000;1.00000;SEK;"All";2018-07-11;2018-07-12
6.2162100000;2018-07-13;6558105;SE0000170375.XSTO;24071;0.00000;0.00000;136.50000;159133;136.00000;137.00000;136.70000;136.50000;1.00000;SEK;"All";2018-07-12;2018-07-13
6.2526420000;2018-07-16;6558106;SE0000170375.XSTO;24071;0.58600;0.80000;136.50000;225107;136.20000;137.90000;136.50000;137.30000;1.00000;SEK;"All";2018-07-13;2018-07-16
6.1752240000;2018-07-17;6558107;SE0000170375.XSTO;24071;-1.23800;-1.70000;137.30000;188644;135.50000;138.00000;137.50000;135.60000;1.00000;SEK;"All";2018-07-16;2018-07-17
6.1843320000;2018-07-18;6558108;SE0000170375.XSTO;24071;0.14700;0.20000;135.60000;138992;135.30000;136.50000;135.90000;135.80000;1.00000;SEK;"All";2018-07-17;2018-07-18
6.1752240000;2018-07-19;6558109;SE0000170375.XSTO;24071;-0.14700;-0.20000;135.80000;200475;135.00000;136.10000;135.90000;135.60000;1.00000;SEK;"All";2018-07-18;2018-07-19
6.1387920000;2018-07-20;6558110;SE0000170375.XSTO;24071;-0.59000;-0.80000;135.60000;162729;134.10000;135.80000;135.50000;134.80000;1.00000;SEK;"All";2018-07-19;2018-07-20
6.1296840000;2018-07-23;6558111;SE0000170375.XSTO;24071;-0.14800;-0.20000;134.80000;143843;134.40000;135.70000;134.80000;134.60000;1.00000;SEK;"All";2018-07-20;2018-07-23
6.1524540000;2018-07-24;6558112;SE0000170375.XSTO;24071;0.37100;0.50000;134.60000;195335;134.10000;136.00000;134.50000;135.10000;1.00000;SEK;"All";2018-07-23;2018-07-24
6.1706700000;2018-07-25;6558113;SE0000170375.XSTO;24071;0.29600;0.40000;135.10000;81949;134.90000;136.20000;134.90000;135.50000;1.00000;SEK;"All";2018-07-24;2018-07-25
6.2253180000;2018-07-26;6558114;SE0000170375.XSTO;24071;0.88600;1.20000;135.50000;153883;135.60000;136.80000;135.60000;136.70000;1.00000;SEK;"All";2018-07-25;2018-07-26
6.2162100000;2018-07-27;6558115;SE0000170375.XSTO;24071;-0.14600;-0.20000;136.70000;131324;135.90000;136.90000;136.90000;136.50000;1.00000;SEK;"All";2018-07-26;2018-07-27
6.1752240000;2018-07-30;6558116;SE0000170375.XSTO;24071;-0.65900;-0.90000;136.50000;120122;135.50000;136.90000;136.50000;135.60000;1.00000;SEK;"All";2018-07-27;2018-07-30
6.1934400000;2018-07-31;6558117;SE0000170375.XSTO;24071;0.29500;0.40000;135.60000;169780;135.60000;136.80000;135.60000;136.00000;1.00000;SEK;"All";2018-07-30;2018-07-31
6.2253180000;2018-08-01;6558118;SE0000170375.XSTO;24071;0.51500;0.70000;136.00000;218853;135.40000;136.70000;135.90000;136.70000;1.00000;SEK;"All";2018-07-31;2018-08-01
6.2936280000;2018-08-02;6558119;SE0000170375.XSTO;24071;1.09700;1.50000;136.70000;178028;136.50000;138.40000;136.50000;138.20000;1.00000;SEK;"All";2018-08-01;2018-08-02
6.3528300000;2018-08-03;6558120;SE0000170375.XSTO;24071;0.94100;1.30000;138.20000;138665;138.50000;139.50000;138.80000;139.50000;1.00000;SEK;"All";2018-08-02;2018-08-03
6.3118440000;2018-08-06;6558121;SE0000170375.XSTO;24071;-0.64500;-0.90000;139.50000;156051;137.50000;139.70000;139.50000;138.60000;1.00000;SEK;"All";2018-08-03;2018-08-06
6.3118440000;2018-08-07;6558122;SE0000170375.XSTO;24071;0.00000;0.00000;138.60000;117432;138.10000;139.50000;139.10000;138.60000;1.00000;SEK;"All";2018-08-06;2018-08-07
6.3255060000;2018-08-08;6558123;SE0000170375.XSTO;24071;0.21600;0.30000;138.60000;151329;137.60000;139.90000;138.30000;138.90000;1.00000;SEK;"All";2018-08-07;2018-08-08
6.3255060000;2018-08-09;6558124;SE0000170375.XSTO;24071;0.00000;0.00000;138.90000;124628;138.30000;139.50000;138.90000;138.90000;1.00000;SEK;"All";2018-08-08;2018-08-09
6.3255060000;2018-08-10;6558125;SE0000170375.XSTO;24071;0.00000;0.00000;138.90000;103899;138.30000;138.90000;138.50000;138.90000;1.00000;SEK;"All";2018-08-09;2018-08-10
6.2936280000;2018-08-13;6558126;SE0000170375.XSTO;24071;-0.50400;-0.70000;138.90000;205275;138.10000;138.90000;138.90000;138.20000;1.00000;SEK;"All";2018-08-10;2018-08-13
6.2071020000;2018-08-14;6558127;SE0000170375.XSTO;24071;-1.37500;-1.90000;138.20000;149918;135.50000;138.50000;138.30000;136.30000;1.00000;SEK;"All";2018-08-13;2018-08-14
6.2025480000;2018-08-15;6558128;SE0000170375.XSTO;24071;-0.07300;-0.10000;136.30000;176540;135.40000;136.50000;136.10000;136.20000;1.00000;SEK;"All";2018-08-14;2018-08-15
6.2981820000;2018-08-16;6558129;SE0000170375.XSTO;24071;1.54200;2.10000;136.20000;113722;135.40000;138.30000;135.90000;138.30000;1.00000;SEK;"All";2018-08-15;2018-08-16
6.3300600000;2018-08-17;6558130;SE0000170375.XSTO;24071;0.50600;0.70000;138.30000;301179;137.90000;139.30000;138.40000;139.00000;1.00000;SEK;"All";2018-08-16;2018-08-17
6.3756000000;2018-08-20;6558131;SE0000170375.XSTO;24071;0.71900;1.00000;139.00000;204176;138.40000;140.70000;139.00000;140.00000;1.00000;SEK;"All";2018-08-17;2018-08-20
6.5805300000;2018-08-21;6558132;SE0000170375.XSTO;24071;3.21400;4.50000;140.00000;740024;141.50000;147.80000;142.00000;144.50000;1.00000;SEK;"All";2018-08-20;2018-08-21
6.5440980000;2018-08-22;6558133;SE0000170375.XSTO;24071;-0.55400;-0.80000;144.50000;847635;142.20000;144.40000;144.00000;143.70000;1.00000;SEK;"All";2018-08-21;2018-08-22
6.5167740000;2018-08-23;6558134;SE0000170375.XSTO;24071;-0.41800;-0.60000;143.70000;261401;142.30000;143.80000;143.50000;143.10000;1.00000;SEK;"All";2018-08-22;2018-08-23
6.4803420000;2018-08-24;6558135;SE0000170375.XSTO;24071;-0.55900;-0.80000;143.10000;185573;141.60000;143.40000;142.70000;142.30000;1.00000;SEK;"All";2018-08-23;2018-08-24
6.5349900000;2018-08-27;6558136;SE0000170375.XSTO;24071;0.84300;1.20000;142.30000;182092;141.80000;144.10000;141.90000;143.50000;1.00000;SEK;"All";2018-08-24;2018-08-27
6.5850840000;2018-08-28;6558137;SE0000170375.XSTO;24071;0.76700;1.10000;143.50000;579018;143.60000;145.40000;143.60000;144.60000;1.00000;SEK;"All";2018-08-27;2018-08-28
6.5349900000;2018-08-29;6558138;SE0000170375.XSTO;24071;-0.76100;-1.10000;144.60000;292742;142.90000;146.30000;144.40000;143.50000;1.00000;SEK;"All";2018-08-28;2018-08-29
6.5349900000;2018-08-30;6558139;SE0000170375.XSTO;24071;0.00000;0.00000;143.50000;160695;142.50000;143.70000;143.30000;143.50000;1.00000;SEK;"All";2018-08-29;2018-08-30
6.4940040000;2018-08-31;6558140;SE0000170375.XSTO;24071;-0.62700;-0.90000;143.50000;424083;141.80000;143.90000;143.20000;142.60000;1.00000;SEK;"All";2018-08-30;2018-08-31
6.4575720000;2018-09-03;6558141;SE0000170375.XSTO;24071;-0.56100;-0.80000;142.60000;233343;141.40000;143.30000;142.70000;141.80000;1.00000;SEK;"All";2018-08-31;2018-09-03
6.4348020000;2018-09-04;6558142;SE0000170375.XSTO;24071;-0.35300;-0.50000;141.80000;336673;141.00000;142.40000;141.50000;141.30000;1.00000;SEK;"All";2018-09-03;2018-09-04
6.3756000000;2018-09-05;6558143;SE0000170375.XSTO;24071;-0.92000;-1.30000;141.30000;666617;140.00000;142.30000;141.20000;140.00000;1.00000;SEK;"All";2018-09-04;2018-09-05
6.3573840000;2018-09-06;6558144;SE0000170375.XSTO;24071;-0.28600;-0.40000;140.00000;228814;139.20000;141.80000;140.10000;139.60000;1.00000;SEK;"All";2018-09-05;2018-09-06
6.3482760000;2018-09-07;6558145;SE0000170375.XSTO;24071;-0.14300;-0.20000;139.60000;231777;138.70000;140.60000;139.50000;139.40000;1.00000;SEK;"All";2018-09-06;2018-09-07
6.3437220000;2018-09-10;6558146;SE0000170375.XSTO;24071;-0.07200;-0.10000;139.40000;421105;139.10000;140.20000;139.20000;139.30000;1.00000;SEK;"All";2018-09-07;2018-09-10
6.3118440000;2018-09-11;6558147;SE0000170375.XSTO;24071;-0.50300;-0.70000;139.30000;492948;137.10000;139.80000;139.30000;138.60000;1.00000;SEK;"All";2018-09-10;2018-09-11
6.3801540000;2018-09-12;6558148;SE0000170375.XSTO;24071;1.08200;1.50000;138.60000;659345;137.70000;140.20000;138.50000;140.10000;1.00000;SEK;"All";2018-09-11;2018-09-12
6.3437220000;2018-09-13;6558149;SE0000170375.XSTO;24071;-0.57100;-0.80000;140.10000;304280;138.90000;140.20000;139.80000;139.30000;1.00000;SEK;"All";2018-09-12;2018-09-13
6.3437220000;2018-09-14;6558150;SE0000170375.XSTO;24071;0.00000;0.00000;139.30000;339858;138.90000;140.50000;138.90000;139.30000;1.00000;SEK;"All";2018-09-13;2018-09-14
6.4393560000;2018-09-17;6558151;SE0000170375.XSTO;24071;1.50800;2.10000;139.30000;308218;138.80000;141.80000;138.90000;141.40000;1.00000;SEK;"All";2018-09-14;2018-09-17
6.3619380000;2018-09-18;6558152;SE0000170375.XSTO;24071;-1.20200;-1.70000;141.40000;201784;139.60000;141.70000;141.70000;139.70000;1.00000;SEK;"All";2018-09-17;2018-09-18
6.3255060000;2018-09-19;6558153;SE0000170375.XSTO;24071;-0.57300;-0.80000;139.70000;448402;138.30000;140.90000;139.60000;138.90000;1.00000;SEK;"All";2018-09-18;2018-09-19
6.3300600000;2018-09-20;6558154;SE0000170375.XSTO;24071;0.07200;0.10000;138.90000;311307;137.10000;139.80000;138.90000;139.00000;1.00000;SEK;"All";2018-09-19;2018-09-20
6.3892620000;2018-09-21;6558155;SE0000170375.XSTO;24071;0.93500;1.30000;139.00000;686718;139.60000;141.20000;139.90000;140.30000;1.00000;SEK;"All";2018-09-20;2018-09-21
6.2663040000;2018-09-24;6558156;SE0000170375.XSTO;24071;-1.92400;-2.70000;140.30000;303407;137.30000;140.60000;140.50000;137.60000;1.00000;SEK;"All";2018-09-21;2018-09-24
6.2116560000;2018-09-25;6558157;SE0000170375.XSTO;24071;-0.87200;-1.20000;137.60000;246366;136.20000;138.50000;138.00000;136.40000;1.00000;SEK;"All";2018-09-24;2018-09-25
6.2663040000;2018-09-26;6558158;SE0000170375.XSTO;24071;0.88000;1.20000;136.40000;278669;136.20000;137.60000;136.50000;137.60000;1.00000;SEK;"All";2018-09-25;2018-09-26
6.2162100000;2018-09-27;6558159;SE0000170375.XSTO;24071;-0.79900;-1.10000;137.60000;165707;136.20000;137.60000;137.20000;136.50000;1.00000;SEK;"All";2018-09-26;2018-09-27
6.1570080000;2018-09-28;6558160;SE0000170375.XSTO;24071;-0.95200;-1.30000;136.50000;403597;134.10000;136.40000;136.30000;135.20000;1.00000;SEK;"All";2018-09-27;2018-09-28
6.2344260000;2018-10-01;6558161;SE0000170375.XSTO;24071;1.25700;1.70000;135.20000;233374;135.40000;137.10000;135.40000;136.90000;1.00000;SEK;"All";2018-09-28;2018-10-01
6.3027360000;2018-10-02;6558162;SE0000170375.XSTO;24071;1.09600;1.50000;136.90000;305036;135.00000;138.50000;136.40000;138.40000;1.00000;SEK;"All";2018-10-01;2018-10-02
6.3938160000;2018-10-03;6558163;SE0000170375.XSTO;24071;1.44500;2.00000;138.40000;216529;138.30000;140.40000;138.80000;140.40000;1.00000;SEK;"All";2018-10-02;2018-10-03
6.2480880000;2018-10-04;6558164;SE0000170375.XSTO;24071;-2.27900;-3.20000;140.40000;261219;137.20000;140.20000;140.20000;137.20000;1.00000;SEK;"All";2018-10-03;2018-10-04
6.1387920000;2018-10-05;6558165;SE0000170375.XSTO;24071;-1.74900;-2.40000;137.20000;518232;133.60000;138.10000;137.20000;134.80000;1.00000;SEK;"All";2018-10-04;2018-10-05
6.1797780000;2018-10-08;6558166;SE0000170375.XSTO;24071;0.66800;0.90000;134.80000;309787;133.90000;136.60000;133.90000;135.70000;1.00000;SEK;"All";2018-10-05;2018-10-08
6.2571960000;2018-10-09;6558167;SE0000170375.XSTO;24071;1.25300;1.70000;135.70000;391201;135.10000;138.10000;135.80000;137.40000;1.00000;SEK;"All";2018-10-08;2018-10-09
6.1479000000;2018-10-10;6558168;SE0000170375.XSTO;24071;-1.74700;-2.40000;137.40000;760512;135.00000;137.30000;137.30000;135.00000;1.00000;SEK;"All";2018-10-09;2018-10-10
6.0568200000;2018-10-11;6558169;SE0000170375.XSTO;24071;-1.48100;-2.00000;135.00000;326018;132.20000;134.60000;134.50000;133.00000;1.00000;SEK;"All";2018-10-10;2018-10-11
5.9611860000;2018-10-12;6558170;SE0000170375.XSTO;24071;-1.57900;-2.10000;133.00000;368578;130.90000;134.00000;132.70000;130.90000;1.00000;SEK;"All";2018-10-11;2018-10-12
5.8928760000;2018-10-15;6558171;SE0000170375.XSTO;24071;-1.14600;-1.50000;130.90000;278859;128.90000;130.90000;130.80000;129.40000;1.00000;SEK;"All";2018-10-12;2018-10-15
6.0477120000;2018-10-16;6558172;SE0000170375.XSTO;24071;2.62800;3.40000;129.40000;263966;129.20000;133.00000;129.20000;132.80000;1.00000;SEK;"All";2018-10-15;2018-10-16
6.1069140000;2018-10-17;6558173;SE0000170375.XSTO;24071;0.97900;1.30000;132.80000;379756;133.10000;134.50000;133.60000;134.10000;1.00000;SEK;"All";2018-10-16;2018-10-17
6.0886980000;2018-10-18;6558174;SE0000170375.XSTO;24071;-0.29800;-0.40000;134.10000;295381;133.50000;135.10000;134.60000;133.70000;1.00000;SEK;"All";2018-10-17;2018-10-18
6.0659280000;2018-10-19;6558175;SE0000170375.XSTO;24071;-0.37400;-0.50000;133.70000;292626;131.70000;133.90000;133.70000;133.20000;1.00000;SEK;"All";2018-10-18;2018-10-19
6.0431580000;2018-10-22;6558176;SE0000170375.XSTO;24071;-0.37500;-0.50000;133.20000;210499;132.30000;134.70000;133.10000;132.70000;1.00000;SEK;"All";2018-10-19;2018-10-22
5.8792140000;2018-10-23;6558177;SE0000170375.XSTO;24071;-2.71300;-3.60000;132.70000;262297;128.30000;132.50000;132.10000;129.10000;1.00000;SEK;"All";2018-10-22;2018-10-23
5.8974300000;2018-10-24;6558178;SE0000170375.XSTO;24071;0.31000;0.40000;129.10000;269252;129.00000;131.40000;129.10000;129.50000;1.00000;SEK;"All";2018-10-23;2018-10-24
5.9566320000;2018-10-25;6558179;SE0000170375.XSTO;24071;1.00400;1.30000;129.50000;223108;128.30000;130.90000;128.70000;130.80000;1.00000;SEK;"All";2018-10-24;2018-10-25
5.9475240000;2018-10-26;6558180;SE0000170375.XSTO;24071;-0.15300;-0.20000;130.80000;185830;129.20000;131.20000;130.20000;130.60000;1.00000;SEK;"All";2018-10-25;2018-10-26
5.9794020000;2018-10-29;6558181;SE0000170375.XSTO;24071;0.53600;0.70000;130.60000;157017;130.80000;132.90000;130.80000;131.30000;1.00000;SEK;"All";2018-10-26;2018-10-29
6.0522660000;2018-10-30;6558182;SE0000170375.XSTO;24071;1.21900;1.60000;131.30000;240443;131.00000;133.20000;131.40000;132.90000;1.00000;SEK;"All";2018-10-29;2018-10-30
6.1615620000;2018-10-31;6558183;SE0000170375.XSTO;24071;1.80600;2.40000;132.90000;316096;133.50000;135.50000;134.40000;135.30000;1.00000;SEK;"All";2018-10-30;2018-10-31
6.1160220000;2018-11-01;6558184;SE0000170375.XSTO;24071;-0.73900;-1.00000;135.30000;335366;133.70000;135.10000;134.40000;134.30000;1.00000;SEK;"All";2018-10-31;2018-11-01
6.1524540000;2018-11-02;6558185;SE0000170375.XSTO;24071;0.59600;0.80000;134.30000;136062;134.50000;135.30000;134.80000;135.10000;1.00000;SEK;"All";2018-11-01;2018-11-02
6.1661160000;2018-11-05;6558186;SE0000170375.XSTO;24071;0.22200;0.30000;135.10000;214310;134.30000;135.80000;134.50000;135.40000;1.00000;SEK;"All";2018-11-02;2018-11-05
6.1979940000;2018-11-06;6558187;SE0000170375.XSTO;24071;0.51700;0.70000;135.40000;223042;134.60000;136.20000;135.60000;136.10000;1.00000;SEK;"All";2018-11-05;2018-11-06
6.3300600000;2018-11-07;6558188;SE0000170375.XSTO;24071;2.13100;2.90000;136.10000;322404;136.10000;139.50000;136.10000;139.00000;1.00000;SEK;"All";2018-11-06;2018-11-07
6.3756000000;2018-11-08;6558189;SE0000170375.XSTO;24071;0.71900;1.00000;139.00000;297498;138.70000;140.70000;139.00000;140.00000;1.00000;SEK;"All";2018-11-07;2018-11-08
6.4256940000;2018-11-09;6558190;SE0000170375.XSTO;24071;0.78600;1.10000;140.00000;539612;138.80000;141.90000;139.80000;141.10000;1.00000;SEK;"All";2018-11-08;2018-11-09
6.3163980000;2018-11-12;6558191;SE0000170375.XSTO;24071;-1.70100;-2.40000;141.10000;563199;137.70000;141.40000;141.00000;138.70000;1.00000;SEK;"All";2018-11-09;2018-11-12
6.2435340000;2018-11-13;6558192;SE0000170375.XSTO;24071;-1.15400;-1.60000;138.70000;306477;136.30000;139.20000;138.30000;137.10000;1.00000;SEK;"All";2018-11-12;2018-11-13
6.2936280000;2018-11-14;6558193;SE0000170375.XSTO;24071;0.80200;1.10000;137.10000;221081;135.60000;139.30000;136.00000;138.20000;1.00000;SEK;"All";2018-11-13;2018-11-14
6.2571960000;2018-11-15;6558194;SE0000170375.XSTO;24071;-0.57900;-0.80000;138.20000;361106;135.50000;138.90000;138.00000;137.40000;1.00000;SEK;"All";2018-11-14;2018-11-15
6.3118440000;2018-11-16;6558195;SE0000170375.XSTO;24071;0.87300;1.20000;137.40000;186458;136.10000;138.60000;138.00000;138.60000;1.00000;SEK;"All";2018-11-15;2018-11-16
6.2116560000;2018-11-19;6558196;SE0000170375.XSTO;24071;-1.58700;-2.20000;138.60000;118878;136.10000;139.40000;138.50000;136.40000;1.00000;SEK;"All";2018-11-16;2018-11-19
5.8974300000;2018-11-20;6558197;SE0000170375.XSTO;24071;-5.05900;-6.90000;136.40000;743768;127.90000;136.20000;135.00000;129.50000;1.00000;SEK;"All";2018-11-19;2018-11-20
6.0067260000;2018-11-21;6558198;SE0000170375.XSTO;24071;1.85300;2.40000;129.50000;517134;128.80000;131.90000;129.50000;131.90000;1.00000;SEK;"All";2018-11-20;2018-11-21
5.9110920000;2018-11-22;6558199;SE0000170375.XSTO;24071;-1.59200;-2.10000;131.90000;418887;129.50000;132.20000;131.50000;129.80000;1.00000;SEK;"All";2018-11-21;2018-11-22
5.9247540000;2018-11-23;6558200;SE0000170375.XSTO;24071;0.23100;0.30000;129.80000;269996;128.60000;133.10000;130.80000;130.10000;1.00000;SEK;"All";2018-11-22;2018-11-23
6.0203880000;2018-11-26;6558201;SE0000170375.XSTO;24071;1.61400;2.10000;130.10000;123616;130.10000;133.20000;130.10000;132.20000;1.00000;SEK;"All";2018-11-23;2018-11-26
6.0112800000;2018-11-27;6558202;SE0000170375.XSTO;24071;-0.15100;-0.20000;132.20000;150263;131.10000;132.80000;131.60000;132.00000;1.00000;SEK;"All";2018-11-26;2018-11-27
6.0704820000;2018-11-28;6558203;SE0000170375.XSTO;24071;0.98500;1.30000;132.00000;262655;131.60000;133.30000;132.20000;133.30000;1.00000;SEK;"All";2018-11-27;2018-11-28
6.1570080000;2018-11-29;6558204;SE0000170375.XSTO;24071;1.42500;1.90000;133.30000;262818;133.20000;135.40000;133.30000;135.20000;1.00000;SEK;"All";2018-11-28;2018-11-29
6.2571960000;2018-11-30;6558205;SE0000170375.XSTO;24071;1.62700;2.20000;135.20000;526538;134.20000;137.40000;134.20000;137.40000;1.00000;SEK;"All";2018-11-29;2018-11-30
6.2253180000;2018-12-03;6558206;SE0000170375.XSTO;24071;-0.50900;-0.70000;137.40000;310409;134.90000;139.50000;138.60000;136.70000;1.00000;SEK;"All";2018-11-30;2018-12-03
6.1296840000;2018-12-04;6558207;SE0000170375.XSTO;24071;-1.53600;-2.10000;136.70000;421027;134.00000;138.20000;136.60000;134.60000;1.00000;SEK;"All";2018-12-03;2018-12-04
6.1296840000;2018-12-05;6558208;SE0000170375.XSTO;24071;0.00000;0.00000;134.60000;155743;133.00000;135.60000;133.90000;134.60000;1.00000;SEK;"All";2018-12-04;2018-12-05
6.1706700000;2018-12-06;6558209;SE0000170375.XSTO;24071;0.66900;0.90000;134.60000;352903;133.80000;136.90000;136.90000;135.50000;1.00000;SEK;"All";2018-12-05;2018-12-06
6.2253180000;2018-12-07;6558210;SE0000170375.XSTO;24071;0.88600;1.20000;135.50000;338635;135.80000;138.50000;136.50000;136.70000;1.00000;SEK;"All";2018-12-06;2018-12-07
6.1706700000;2018-12-10;6558211;SE0000170375.XSTO;24071;-0.87800;-1.20000;136.70000;224078;134.10000;136.60000;136.60000;135.50000;1.00000;SEK;"All";2018-12-07;2018-12-10
6.2162100000;2018-12-11;6558212;SE0000170375.XSTO;24071;0.73800;1.00000;135.50000;183959;135.20000;137.20000;136.50000;136.50000;1.00000;SEK;"All";2018-12-10;2018-12-11
6.3118440000;2018-12-12;6558213;SE0000170375.XSTO;24071;1.53800;2.10000;136.50000;156003;137.00000;139.20000;137.00000;138.60000;1.00000;SEK;"All";2018-12-11;2018-12-12
6.3300600000;2018-12-13;6558214;SE0000170375.XSTO;24071;0.28900;0.40000;138.60000;186907;137.40000;139.50000;139.00000;139.00000;1.00000;SEK;"All";2018-12-12;2018-12-13
6.3209520000;2018-12-14;6558215;SE0000170375.XSTO;24071;-0.14400;-0.20000;139.00000;164784;138.00000;139.60000;138.70000;138.80000;1.00000;SEK;"All";2018-12-13;2018-12-14
6.2890740000;2018-12-17;6558216;SE0000170375.XSTO;24071;-0.50400;-0.70000;138.80000;250238;138.00000;140.10000;138.80000;138.10000;1.00000;SEK;"All";2018-12-14;2018-12-17
6.3300600000;2018-12-18;6558217;SE0000170375.XSTO;24071;0.65200;0.90000;138.10000;472366;137.20000;140.10000;137.70000;139.00000;1.00000;SEK;"All";2018-12-17;2018-12-18
6.3437220000;2018-12-19;6558218;SE0000170375.XSTO;24071;0.21600;0.30000;139.00000;193225;138.10000;140.40000;139.50000;139.30000;1.00000;SEK;"All";2018-12-18;2018-12-19
6.2526420000;2018-12-20;6558219;SE0000170375.XSTO;24071;-1.43600;-2.00000;139.30000;205604;136.30000;138.70000;138.70000;137.30000;1.00000;SEK;"All";2018-12-19;2018-12-20
6.1615620000;2018-12-21;6558220;SE0000170375.XSTO;24071;-1.45700;-2.00000;137.30000;499450;133.10000;137.00000;136.80000;135.30000;1.00000;SEK;"All";2018-12-20;2018-12-21
6.0841440000;2018-12-27;6558221;SE0000170375.XSTO;24071;-1.25600;-1.70000;135.30000;246311;133.50000;135.80000;135.30000;133.60000;1.00000;SEK;"All";2018-12-21;2018-12-27
6.2344260000;2018-12-28;6558222;SE0000170375.XSTO;24071;2.47000;3.30000;133.60000;233015;134.10000;137.50000;134.40000;136.90000;1.00000;SEK;"All";2018-12-27;2018-12-28
6.2344260000;2019-01-02;6558223;SE0000170375.XSTO;24071;0.00000;0.00000;136.90000;127834;134.80000;137.30000;136.90000;136.90000;1.00000;SEK;"All";2018-12-28;2019-01-02
6.2253180000;2019-01-03;6558224;SE0000170375.XSTO;24071;-0.14600;-0.20000;136.90000;173408;136.00000;137.60000;136.90000;136.70000;1.00000;SEK;"All";2019-01-02;2019-01-03
6.3573840000;2019-01-04;6558225;SE0000170375.XSTO;24071;2.12100;2.90000;136.70000;190760;136.90000;139.70000;136.90000;139.60000;1.00000;SEK;"All";2019-01-03;2019-01-04
6.4074780000;2019-01-07;6558226;SE0000170375.XSTO;24071;0.78800;1.10000;139.60000;217584;139.80000;141.40000;139.80000;140.70000;1.00000;SEK;"All";2019-01-04;2019-01-07
6.5213280000;2019-01-08;6558227;SE0000170375.XSTO;24071;1.77700;2.50000;140.70000;299257;140.70000;143.50000;140.80000;143.20000;1.00000;SEK;"All";2019-01-07;2019-01-08
6.4803420000;2019-01-09;6558228;SE0000170375.XSTO;24071;-0.62800;-0.90000;143.20000;231204;141.50000;143.10000;143.10000;142.30000;1.00000;SEK;"All";2019-01-08;2019-01-09
6.5076660000;2019-01-10;6558229;SE0000170375.XSTO;24071;0.42200;0.60000;142.30000;175987;142.10000;143.70000;142.50000;142.90000;1.00000;SEK;"All";2019-01-09;2019-01-10
6.5623140000;2019-01-11;6558230;SE0000170375.XSTO;24071;0.84000;1.20000;142.90000;235658;142.70000;145.80000;143.10000;144.10000;1.00000;SEK;"All";2019-01-10;2019-01-11
6.6169620000;2019-01-14;6558231;SE0000170375.XSTO;24071;0.83300;1.20000;144.10000;264028;142.90000;146.10000;143.70000;145.30000;1.00000;SEK;"All";2019-01-11;2019-01-14
6.5987460000;2019-01-15;6558232;SE0000170375.XSTO;24071;-0.27500;-0.40000;145.30000;151399;144.90000;146.70000;146.00000;144.90000;1.00000;SEK;"All";2019-01-14;2019-01-15
6.7353660000;2019-01-16;6558233;SE0000170375.XSTO;24071;2.07000;3.00000;144.90000;444341;145.20000;149.40000;145.20000;147.90000;1.00000;SEK;"All";2019-01-15;2019-01-16
6.6124080000;2019-01-17;6558234;SE0000170375.XSTO;24071;-1.82600;-2.70000;147.90000;320712;145.20000;147.90000;147.50000;145.20000;1.00000;SEK;"All";2019-01-16;2019-01-17
6.6670560000;2019-01-18;6558235;SE0000170375.XSTO;24071;0.82600;1.20000;145.20000;365525;145.20000;147.60000;145.20000;146.40000;1.00000;SEK;"All";2019-01-17;2019-01-18
6.6397320000;2019-01-21;6558236;SE0000170375.XSTO;24071;-0.41000;-0.60000;146.40000;319876;145.20000;146.10000;145.80000;145.80000;1.00000;SEK;"All";2019-01-18;2019-01-21
6.7626900000;2019-01-22;6558237;SE0000170375.XSTO;24071;1.85200;2.70000;145.80000;253608;145.70000;149.60000;145.70000;148.50000;1.00000;SEK;"All";2019-01-21;2019-01-22
6.7399200000;2019-01-23;6558238;SE0000170375.XSTO;24071;-0.33700;-0.50000;148.50000;198770;147.60000;150.00000;149.00000;148.00000;1.00000;SEK;"All";2019-01-22;2019-01-23
6.7308120000;2019-01-24;6558239;SE0000170375.XSTO;24071;-0.13500;-0.20000;148.00000;283533;147.00000;149.00000;148.20000;147.80000;1.00000;SEK;"All";2019-01-23;2019-01-24
6.7217040000;2019-01-25;10055601;SE0000170375.XSTO;24071;-0.13500;-0.20000;147.80000;99336;147.00000;149.00000;147.80000;147.60000;1.00000;SEK;"All";2019-01-24;2019-01-25
6.6943800000;2019-01-28;10057507;SE0000170375.XSTO;24071;-0.40700;-0.60000;147.60000;109995;147.00000;148.50000;147.60000;147.00000;1.00000;SEK;"All";2019-01-25;2019-01-28
6.7399200000;2019-01-29;10060414;SE0000170375.XSTO;24071;0.68000;1.00000;147.00000;190167;147.50000;148.90000;147.50000;148.00000;1.00000;SEK;"All";2019-01-28;2019-01-29
6.8628780000;2019-01-30;10063320;SE0000170375.XSTO;24071;1.82400;2.70000;148.00000;229429;148.10000;150.80000;148.10000;150.70000;1.00000;SEK;"All";2019-01-29;2019-01-30
6.8401080000;2019-01-31;10079833;SE0000170375.XSTO;24071;-0.33200;-0.50000;150.70000;301655;149.60000;152.00000;150.80000;150.20000;1.00000;SEK;"All";2019-01-30;2019-01-31
6.8628780000;2019-02-01;10079834;SE0000170375.XSTO;24071;0.33300;0.50000;150.20000;199614;149.90000;151.50000;151.00000;150.70000;1.00000;SEK;"All";2019-01-31;2019-02-01
6.9266340000;2019-02-04;10079835;SE0000170375.XSTO;24071;0.92900;1.40000;150.70000;255689;149.90000;152.10000;151.40000;152.10000;1.00000;SEK;"All";2019-02-01;2019-02-04
6.9767280000;2019-02-05;10079836;SE0000170375.XSTO;24071;0.72300;1.10000;152.10000;276468;151.10000;153.50000;152.30000;153.20000;1.00000;SEK;"All";2019-02-04;2019-02-05
6.9220800000;2019-02-06;10079837;SE0000170375.XSTO;24071;-0.78300;-1.20000;153.20000;385509;151.50000;154.30000;154.30000;152.00000;1.00000;SEK;"All";2019-02-05;2019-02-06
6.8310000000;2019-02-07;10079838;SE0000170375.XSTO;24071;-1.31600;-2.00000;152.00000;187219;150.00000;153.00000;151.90000;150.00000;1.00000;SEK;"All";2019-02-06;2019-02-07
6.8082300000;2019-02-08;10088568;SE0000170375.XSTO;24071;-0.33300;-0.50000;150.00000;205318;149.00000;150.90000;150.00000;149.50000;1.00000;SEK;"All";2019-02-07;2019-02-08
6.8036760000;2019-02-11;10091479;SE0000170375.XSTO;24071;-0.06700;-0.10000;149.50000;134132;149.20000;150.90000;150.10000;149.40000;1.00000;SEK;"All";2019-02-08;2019-02-11
6.6716100000;2019-02-12;10094379;SE0000170375.XSTO;24071;-1.94100;-2.90000;149.40000;400087;146.20000;150.10000;150.00000;146.50000;1.00000;SEK;"All";2019-02-11;2019-02-12
6.6533940000;2019-02-13;10097279;SE0000170375.XSTO;24071;-0.27300;-0.40000;146.50000;230252;145.80000;146.90000;146.70000;146.10000;1.00000;SEK;"All";2019-02-12;2019-02-13
6.7991220000;2019-02-14;10100180;SE0000170375.XSTO;24071;2.19000;3.20000;146.10000;350119;146.10000;149.80000;148.00000;149.30000;1.00000;SEK;"All";2019-02-13;2019-02-14
6.9266340000;2019-02-15;10103081;SE0000170375.XSTO;24071;1.87500;2.80000;149.30000;340431;148.30000;152.10000;149.30000;152.10000;1.00000;SEK;"All";2019-02-14;2019-02-15
6.9084180000;2019-02-18;10105994;SE0000170375.XSTO;24071;-0.26300;-0.40000;152.10000;206816;150.00000;152.20000;152.10000;151.70000;1.00000;SEK;"All";2019-02-15;2019-02-18
6.9266340000;2019-02-19;10108915;SE0000170375.XSTO;24071;0.26400;0.40000;151.70000;212935;150.90000;152.50000;151.70000;152.10000;1.00000;SEK;"All";2019-02-18;2019-02-19
6.9175260000;2019-02-20;10112930;SE0000170375.XSTO;24071;-0.13100;-0.20000;152.10000;143620;151.00000;152.60000;152.00000;151.90000;1.00000;SEK;"All";2019-02-19;2019-02-20
6.9084180000;2019-02-21;10115828;SE0000170375.XSTO;24071;-0.13200;-0.20000;151.90000;179492;150.60000;152.50000;151.50000;151.70000;1.00000;SEK;"All";2019-02-20;2019-02-21
6.9676200000;2019-02-22;10118743;SE0000170375.XSTO;24071;0.85700;1.30000;151.70000;213313;150.80000;153.00000;151.50000;153.00000;1.00000;SEK;"All";2019-02-21;2019-02-22
6.8218920000;2019-02-25;10121645;SE0000170375.XSTO;24071;-2.09200;-3.20000;153.00000;153578;148.90000;153.70000;152.80000;149.80000;1.00000;SEK;"All";2019-02-22;2019-02-25
6.8856480000;2019-02-26;10124546;SE0000170375.XSTO;24071;0.93500;1.40000;149.80000;151978;149.40000;152.20000;149.70000;151.20000;1.00000;SEK;"All";2019-02-25;2019-02-26
6.8583240000;2019-02-27;10127442;SE0000170375.XSTO;24071;-0.39700;-0.60000;151.20000;142246;150.10000;151.40000;151.30000;150.60000;1.00000;SEK;"All";2019-02-26;2019-02-27
6.7945680000;2019-02-28;10130342;SE0000170375.XSTO;24071;-0.93000;-1.40000;150.60000;286616;148.30000;150.90000;150.60000;149.20000;1.00000;SEK;"All";2019-02-27;2019-02-28
6.6807180000;2019-03-01;10133242;SE0000170375.XSTO;24071;-1.67600;-2.50000;149.20000;299238;146.60000;149.50000;149.20000;146.70000;1.00000;SEK;"All";2019-02-28;2019-03-01
6.7399200000;2019-03-04;10136159;SE0000170375.XSTO;24071;0.88600;1.30000;146.70000;248105;146.00000;148.20000;146.00000;148.00000;1.00000;SEK;"All";2019-03-01;2019-03-04
6.8492160000;2019-03-05;10139087;SE0000170375.XSTO;24071;1.62200;2.40000;148.00000;167173;148.30000;150.90000;148.50000;150.40000;1.00000;SEK;"All";2019-03-04;2019-03-05
6.7900140000;2019-03-06;10142056;SE0000170375.XSTO;24071;-0.86400;-1.30000;150.40000;124348;149.10000;150.80000;150.30000;149.10000;1.00000;SEK;"All";2019-03-05;2019-03-06
6.8127840000;2019-03-07;10146686;SE0000170375.XSTO;24071;0.33500;0.50000;149.10000;143058;148.30000;149.60000;149.10000;149.60000;1.00000;SEK;"All";2019-03-06;2019-03-07
6.8310000000;2019-03-08;10146687;SE0000170375.XSTO;24071;0.26700;0.40000;149.60000;222481;148.90000;151.40000;149.00000;150.00000;1.00000;SEK;"All";2019-03-07;2019-03-08
